"","X.2","X.1","X","show","Aggregated","pathway","gs_number.x","gs_description.x","gs_number.y","gs_description.y","gs_number.x.x","gs_description.x.x","gs_number.y.y","gs_description.y.y","pval","padj","log2err","ES","NES","size","leadingEdge"
"1","45","45","45","","Cilia","GOBP_CILIUM_MOVEMENT","GO:0003341","The directed, self-propelled movement of a cilium. [GOC:dph, GOC:jl]","GO:0003341","The directed, self-propelled movement of a cilium. [GOC:dph, GOC:jl]","GO:0003341","The directed, self-propelled movement of a cilium. [GOC:dph, GOC:jl]","GO:0003341","The directed, self-propelled movement of a cilium. [GOC:dph, GOC:jl]","1.50830947956616e-11","1.70107143105471e-08","0.863415391606693","0.661710992780918","2.47364472750293","99","c(""DNAH11"", ""SPAG17"", ""CFAP54"", ""CFAP43"", ""HYDIN"", ""DNAH7"", ""SPEF2"", ""RFX3"", ""CFAP44"", ""DNAH9"", ""SPAG16"", ""DNAH5"", ""CFAP61"", ""CFAP70"", ""DRC1"", ""TTLL9"", ""KIF27"", ""CCDC40"", ""DNAI1"", ""ZBBX"", ""JHY"", ""DNAAF4"", ""CFAP47"", ""CFAP52"", ""ARMC2"", ""TEKT1"", ""NME5"", ""KIF9"", ""CFAP221"", ""IQCG"", ""DNAAF1"", ""CCDC39"", ""CFAP46"", ""CFAP69"", ""MNS1"", ""DNAI2"", ""CFAP206"", ""CFAP100"", ""RGN"", ""SPAG6"", ""STK36"", ""TTC29"", ""NEK10"", ""DAW1"")"
"2","46","46","46","","Cilia","GOBP_CILIUM_OR_FLAGELLUM_DEPENDENT_CELL_MOTILITY","GO:0001539","Cell motility due to movement of eukaryotic cilia or bacterial-type flagella or archaeal-type flagella. [GOC:cilia, GOC:hjd, GOC:krc]","GO:0001539","Cell motility due to movement of eukaryotic cilia or bacterial-type flagella or archaeal-type flagella. [GOC:cilia, GOC:hjd, GOC:krc]","GO:0001539","Cell motility due to movement of eukaryotic cilia or bacterial-type flagella or archaeal-type flagella. [GOC:cilia, GOC:hjd, GOC:krc]","GO:0001539","Cell motility due to movement of eukaryotic cilia or bacterial-type flagella or archaeal-type flagella. [GOC:cilia, GOC:hjd, GOC:krc]","1.19474050434776e-08","7.48571300446338e-06","0.747739663149885","0.654014109511722","2.40858763442983","77","c(""DNAH11"", ""CFAP54"", ""CFAP43"", ""DNAH6"", ""DNAH7"", ""SPEF2"", ""RFX3"", ""CFAP44"", ""DNAH14"", ""SPAG16"", ""DNAH5"", ""DRC1"", ""TTLL9"", ""EFHC1"", ""CCDC40"", ""DNAI1"", ""CFAP47"", ""CFAP52"", ""ARMC2"", ""TEKT1"", ""KIF9"", ""EFHC2"", ""IQCG"", ""CCDC39"", ""CFAP46"", ""CFAP69"", ""MNS1"", ""CFAP206"", ""DNAH3"", ""RGN"", ""SPAG6"")"
"3","47","47","47","","Cilia","GOBP_MOTILE_CILIUM_ASSEMBLY","GO:0044458","The aggregation, arrangement and bonding together of a set of components to form a motile cilium. [GO_REF:0000079, GOC:cilia, GOC:krc, GOC:TermGenie, PMID:19776033, PMID:21129373, ZFIN:dsf]","GO:0044458","The aggregation, arrangement and bonding together of a set of components to form a motile cilium. [GO_REF:0000079, GOC:cilia, GOC:krc, GOC:TermGenie, PMID:19776033, PMID:21129373, ZFIN:dsf]","GO:0044458","The aggregation, arrangement and bonding together of a set of components to form a motile cilium. [GO_REF:0000079, GOC:cilia, GOC:krc, GOC:TermGenie, PMID:19776033, PMID:21129373, ZFIN:dsf]","GO:0044458","The aggregation, arrangement and bonding together of a set of components to form a motile cilium. [GO_REF:0000079, GOC:cilia, GOC:krc, GOC:TermGenie, PMID:19776033, PMID:21129373, ZFIN:dsf]","3.32543880465042e-07","0.000156267911828531","0.674962860011025","0.729452238035843","2.53611503930023","37","c(""CFAP43"", ""SPEF2"", ""CFAP44"", ""SPAG16"", ""CCDC40"", ""JHY"", ""CFAP47"", ""ARMC2"", ""CFAP221"", ""IQCG"", ""DNAAF1"", ""CCDC39"", ""CFAP69"", ""MNS1"", ""BBOF1"", ""CFAP206"", ""SPATA6"", ""SPAG6"", ""INTU"", ""FOXJ1"")"
"4","48","48","48","","Cilia","GOBP_CELL_PROJECTION_ASSEMBLY","GO:0030031","Formation of a prolongation or process extending from a cell, e.g. a flagellum or axon. [GOC:jl, GOC:mah, http://www.cogsci.princeton.edu/~wn/]","GO:0030031","Formation of a prolongation or process extending from a cell, e.g. a flagellum or axon. [GOC:jl, GOC:mah, http://www.cogsci.princeton.edu/~wn/]","GO:0030031","Formation of a prolongation or process extending from a cell, e.g. a flagellum or axon. [GOC:jl, GOC:mah, http://www.cogsci.princeton.edu/~wn/]","GO:0030031","Formation of a prolongation or process extending from a cell, e.g. a flagellum or axon. [GOC:jl, GOC:mah, http://www.cogsci.princeton.edu/~wn/]","4.470041558264e-07","0.000180046888193219","0.674962860011025","0.413109867371466","1.63990368008979","449","c(""GPM6A"", ""SPAG17"", ""CFAP54"", ""CFAP43"", ""HYDIN"", ""DNAH7"", ""NLGN1"", ""KANK1"", ""GALNT11"", ""SPEF2"", ""TENM2"", ""SHTN1"", ""RFX3"", ""CFAP44"", ""ABLIM1"", ""EZR"", ""VAV3"", ""ARHGEF4"", ""SPAG16"", ""DNAH5"", ""SPAG1"", ""RPGR"", ""ABCC4"", ""RFX2"", ""SLIT2"", ""CFAP70"", ""DRC1"", ""KIF27"", ""CCDC40"", ""DYNC2H1"", ""SPATA13"", ""DNAI1"", ""ARMC9"", ""DCDC2"", ""MYO10"", ""AUTS2"", ""JHY"", ""DNAAF4"", ""PIBF1"", ""CFAP47"", ""CFAP52"", ""ARMC2"", ""COBL"", ""TEKT1"", ""TTC39C"", ""STAU2"", ""NME5"", ""CFAP221"", ""WASF3"", ""IQCG"", ""DNAAF1"", ""CCDC39"", ""CFAP46"", ""ODF2"", ""CFAP69"", 
""TMEM67"", ""LRGUK"", ""MNS1"", ""DNM3"", ""RAB3IP"", ""DNAI2"", ""BBOF1"", ""EVI5"", ""CEP126"", ""CFAP206"", ""CFAP100"", ""CFAP161"", ""OCLN"", ""DISC1"", ""MAK"", ""CCDC57"", ""CFAP74"", ""ARHGEF26"", ""ARL13B"", ""IFT74"", ""AHI1"", ""APC"", ""B9D1"", ""RDX"", ""SPATA6"", ""ACTN2"", ""SPAG6"", ""WWTR1"", ""MPHOSPH9"", ""CDC14A"", ""WDR19"", ""ODF2L"", ""INTU"", ""IFT172"", ""FGD6"", ""RAB8B"", ""DNAL1"", ""DNAH2"", ""WDPCP"", ""BBS9"", ""FOXJ1"", ""PIP5K1A"", ""IFT80"", ""STK36"", ""CPLANE1"", ""TTC26"", ""WASHC1"", ""CCP110"", ""DNAJB13"", ""DAW1"", ""KCNQ1"", ""FNBP1L"", ""MAPK15"", ""RAB17"", 
""RIPOR2"", ""WDR35"", ""ZMYND10"", ""TBC1D30"", ""TBC1D13"", ""PIK3R1"", ""PCM1"", ""ITGB4"", ""FAM161A"", ""CCDC13"", ""RFX4"", ""TCTN1"", ""GBF1"", ""DZIP1"", ""LIMK2"", ""PTPRO"", ""ARHGAP35"", ""IFT57"", ""IQUB"", ""SDCBP"", ""GAS8"", ""BBS4"", ""MINK1"", ""KIF24"", ""TBC1D19"", ""SLC9A3R1"", ""DYNC2LI1"", ""TBC1D14"", ""RSPH1"", ""CFAP157"", ""TRAF3IP1"", ""TTC8"", ""DYNLL1"", ""EPHB2"", ""USP6NL"", ""RPGRIP1L"", ""RSPH4A"", ""GORAB"", ""PARVB"", ""WDR11"", ""TTLL1"", ""HSPB11"", ""TWF1"", ""CDH13"", ""RILPL1"", ""ARAP1"", ""PODXL"", ""KIF3B"", ""CFAP298"")"
"5","49","49","49","","Cilia","GOBP_CELL_PROJECTION_ORGANIZATION","GO:0030030","A process that is carried out at the cellular level which results in the assembly, arrangement of constituent parts, or disassembly of a prolongation or process extending from a cell, e.g. a flagellum or axon. [GOC:jl, GOC:mah, http://www.cogsci.princeton.edu/~wn/]","GO:0030030","A process that is carried out at the cellular level which results in the assembly, arrangement of constituent parts, or disassembly of a prolongation or process extending from a cell, e.g. a flagellum or axon. [GOC:jl, GOC:mah, http://www.cogsci.princeton.edu/~wn/]","GO:0030030","A process that is carried out at the cellular level which results in the assembly, arrangement of constituent parts, or disassembly of a prolongation or process extending from a cell, e.g. a flagellum or axon. [GOC:jl, GOC:mah, http://www.cogsci.princeton.edu/~wn/]","GO:0030030","A process that is carried out at the cellular level which results in the assembly, arrangement of constituent parts, or disassembly of a prolongation or process extending from a cell, e.g. a flagellum or axon. [GOC:jl, GOC:mah, http://www.cogsci.princeton.edu/~wn/]","3.84464347842463e-05","0.0056401114194955","0.557332238758646","0.335477288015803","1.3617667817063","1079","c(""LAMA2"", ""ROR2"", ""GPM6A"", ""ENPP2"", ""SPAG17"", ""CFAP54"", ""FLRT2"", ""CFAP43"", ""CTNND2"", ""CUX2"", ""HYDIN"", ""ADGRV1"", ""DNAH7"", ""GAS7"", ""TRPV4"", ""EFNA5"", ""PTPRM"", ""NLGN1"", ""KANK1"", ""GALNT11"", ""SLC39A12"", ""FGFR2"", ""SPEF2"", ""SLC23A2"", ""TENM2"", ""SHTN1"", ""RFX3"", ""TMEM108"", ""CFAP44"", ""ABLIM1"", ""EZR"", ""VAV3"", ""INSR"", ""DNAH9"", ""CPEB3"", ""ARHGEF4"", ""SGK1"", ""APOD"", ""LAMB1"", ""NRXN3"", ""SPAG16"", ""CRPPA"", ""DNAH5"", ""SPAG1"", ""RPGR"", ""ABCC4"", ""RFX2"", ""CFAP61"", ""LGI1"", ""EPHA4"", ""PLXNA2"", ""PTK7"", ""SLIT2"", ""CFAP70"", ""DRC1"", 
""KIF27"", ""DIP2B"", ""TENM3"", ""CCDC40"", ""DYNC2H1"", ""SPATA13"", ""DNAI1"", ""PRKCQ"", ""ARMC9"", ""DCDC2"", ""SPOCK1"", ""B2M"", ""LMX1A"", ""MYO10"", ""AUTS2"", ""RPS6KA5"", ""BOC"", ""JHY"", ""DNAAF4"", ""PIBF1"", ""CTNNA2"", ""CFAP47"", ""BMPR1B"", ""GOLGA4"", ""SYT17"", ""CFAP52"", ""ARMC2"", ""COBL"", ""TEKT1"", ""SFRP1"", ""PAK3"", ""CDH11"", ""TTC39C"", ""NR2F1"", ""STAU2"", ""NREP"", ""NRXN1"", ""EPB41L3"", ""IL1RAPL1"", ""LRRC4C"", ""NME5"", ""NBL1"", ""CFAP221"", ""ROBO2"", ""EFHC2"", ""WASF3"", ""AK7"", ""BSG"", ""SERPINF1"", ""IQCG"", ""DNAAF1"", ""GRM7"", ""CCDC39"", ""CFAP46"", ""ODF2"", 
""NPHP1"", ""CFAP69"", ""TMEM67"", ""RNF157"", ""LRGUK"", ""MNS1"", ""DNM3"", ""NEDD4L"", ""RAB3IP"", ""DNAI2"", ""BBOF1"", ""SEMA3E"", ""EVI5"", ""HECW1"", ""WHRN"", ""CEP126"", ""CFAP206"", ""CFAP100"", ""DSCAM"", ""TIAM1"", ""PRNP"", ""TANC2"", ""ITGA6"", ""CFAP161"", ""OCLN"", ""DISC1"", ""MAK"", ""DSCAML1"", ""CCDC57"", ""CFAP74"", ""ULK4"", ""DCC"", ""ARHGEF26"", ""SZT2"", ""ARL13B"", ""CNTNAP2"", ""IFT74"", ""OTX2"", ""AHI1"", ""APC"", ""B9D1"", ""RDX"", ""SPATA6"", ""ACTN2"", ""DIXDC1"", ""MBP"", ""SPAG6"", ""EPHA8"", ""WWTR1"", ""FOLR1"", ""BMP7"", ""MPHOSPH9"", ""MAGI2"", ""B4GALT6"", ""UST"", 
""SPTBN4"", ""CDC14A"", ""WDR19"", ""ANK3"", ""CHRNA7"", ""ODF2L"", ""INTU"", ""IFT172"", ""FGD6"", ""PTK2B"", ""RAB8B"", ""DNAL1"", ""DNAH2"", ""WDPCP"", ""NCAM1"", ""LYPLA2"", ""BBS9"", ""FOXJ1"", ""PIP5K1A"", ""IFT80"", ""STK36"", ""CPLANE1"", ""STYXL1"", ""KLHL1"", ""TTC29"", ""PSEN1"", ""TTC26"", ""WASHC1"", ""CCP110"", ""DNAJB13"", ""EIF4G2"", ""DAW1"", ""SYT1"", ""LCA5"", ""KCNQ1"", ""VEGFA"", ""CDH4"", ""MAP3K13"", ""CDH1"", ""SMO"", ""OSTN"", ""MYO7A"", ""LPAR1"", ""METRN"", ""SPART"", ""CDH2"", ""FNBP1L"", ""MAPK15"", ""RAB17"", ""TTC21A"", ""RIMS2"", ""PLS1"", ""NFE2L2"", ""NSMF"", ""RIPOR2"", 
""WDR35"", ""ARHGAP4"", ""ZMYND10"", ""PRKN"", ""TBC1D30"", ""PTN"", ""SIPA1L1"", ""SEMA3A"", ""TBC1D13"", ""SKIL"", ""DPYSL2"", ""RAB11A"", ""CATIP"", ""PTPRD"", ""PIK3R1"", ""ANKRD27"", ""NTRK2"", ""MAPT"", ""PCM1"", ""ITGB4"", ""GPM6B"", ""UNC5D"", ""FAM161A"", ""CCDC13"", ""EPHA6"", ""ID1"", ""RFX4"", ""FBXW8"", ""RIMS1"", ""TSKU"", ""TCTN1"", ""LYN"", ""GBF1"", ""DZIP1"", ""LIMK2"", ""PTPRO"", ""PRKCZ"", ""STXBP1"", ""ARHGAP35"", ""IFT57"", ""CIB1"", ""ROBO1"", ""DOCK7"", ""IQUB"", ""SDCBP"", ""GAS8"", ""BBS4"", ""MINK1"", ""KIF24"", ""PRKCI"", ""TBC1D19"", ""PDPN"", ""SLC9A3R1"", ""DYNC2LI1"", ""CNTN5"", 
""TSC1"", ""TBC1D14"", ""RSPH1"", ""PTPRS"", ""HERC1"", ""SEMA3C"", ""CFAP157"", ""NRCAM"", ""PPP1R9A"", ""TRAF3IP1"", ""KIRREL3"", ""APP"", ""TTC8"", ""DYNLL1"", ""EPHB2"", ""P3H1"", ""USP6NL"")"
"6","51","51","51","","Cilia","GOBP_CILIUM_ORGANIZATION","GO:0044782","A process that is carried out at the cellular level which results in the assembly, arrangement of constituent parts, or disassembly of a cilium, a specialized eukaryotic organelle that consists of a filiform extrusion of the cell surface. Each cilium is bounded by an extrusion of the cytoplasmic membrane, and contains a regular longitudinal array of microtubules, anchored basally in a centriole. [GOC:cilia, GOC:jl]","GO:0044782","A process that is carried out at the cellular level which results in the assembly, arrangement of constituent parts, or disassembly of a cilium, a specialized eukaryotic organelle that consists of a filiform extrusion of the cell surface. Each cilium is bounded by an extrusion of the cytoplasmic membrane, and contains a regular longitudinal array of microtubules, anchored basally in a centriole. [GOC:cilia, GOC:jl]","GO:0044782","A process that is carried out at the cellular level which results in the assembly, arrangement of constituent parts, or disassembly of a cilium, a specialized eukaryotic organelle that consists of a filiform extrusion of the cell surface. Each cilium is bounded by an extrusion of the cytoplasmic membrane, and contains a regular longitudinal array of microtubules, anchored basally in a centriole. [GOC:cilia, GOC:jl]","GO:0044782","A process that is carried out at the cellular level which results in the assembly, arrangement of constituent parts, or disassembly of a cilium, a specialized eukaryotic organelle that consists of a filiform extrusion of the cell surface. Each cilium is bounded by an extrusion of the cytoplasmic membrane, and contains a regular longitudinal array of microtubules, anchored basally in a centriole. [GOC:cilia, GOC:jl]","1.64843308102209e-13","4.64775707194177e-10","0.943632225232838","0.521887916857493","2.04574651086443","309","c(""SPAG17"", ""CFAP54"", ""CFAP43"", ""HYDIN"", ""DNAH7"", ""GALNT11"", ""SPEF2"", ""RFX3"", ""CFAP44"", ""ABLIM1"", ""SPAG16"", ""DNAH5"", ""SPAG1"", ""RPGR"", ""ABCC4"", ""RFX2"", ""CFAP61"", ""CFAP70"", ""DRC1"", ""KIF27"", ""CCDC40"", ""DYNC2H1"", ""DNAI1"", ""ARMC9"", ""DCDC2"", ""JHY"", ""DNAAF4"", ""PIBF1"", ""CFAP47"", ""CFAP52"", ""ARMC2"", ""TEKT1"", ""TTC39C"", ""NME5"", ""CFAP221"", ""IQCG"", ""DNAAF1"", ""CCDC39"", ""CFAP46"", ""ODF2"", ""CFAP69"", ""TMEM67"", ""LRGUK"", ""MNS1"", ""RAB3IP"", ""DNAI2"", ""BBOF1"", ""EVI5"", ""CEP126"", ""CFAP206"", ""CFAP100"", ""CFAP161"", ""DISC1"", ""MAK"", 
""CCDC57"", ""CFAP74"", ""ARL13B"", ""IFT74"", ""AHI1"", ""B9D1"", ""SPATA6"", ""SPAG6"", ""WWTR1"", ""MPHOSPH9"", ""CDC14A"", ""WDR19"", ""ODF2L"", ""INTU"", ""IFT172"", ""RAB8B"", ""DNAL1"", ""DNAH2"", ""WDPCP"", ""BBS9"", ""FOXJ1"", ""IFT80"", ""STK36"", ""CPLANE1"", ""TTC29"", ""TTC26"", ""CCP110"", ""DNAJB13"", ""DAW1"", ""LCA5"", ""KCNQ1"", ""FNBP1L"", ""MAPK15"", ""RAB17"", ""TTC21A"", ""WDR35"", ""ZMYND10"", ""TBC1D30"", ""TBC1D13"", ""CATIP"", ""PCM1"", ""FAM161A"", ""CCDC13"", ""RFX4"", ""TCTN1"", ""GBF1"", ""DZIP1"", ""LIMK2"", ""ARHGAP35"", ""IFT57"", ""IQUB"", ""GAS8"", ""BBS4"", ""KIF24"", 
""TBC1D19"", ""SLC9A3R1"", ""DYNC2LI1"", ""TBC1D14"", ""RSPH1"", ""CFAP157"", ""TRAF3IP1"", ""TTC8"", ""DYNLL1"", ""USP6NL"", ""RPGRIP1L"", ""RSPH4A"", ""GORAB"", ""WDR11"", ""TTLL1"", ""HSPB11"", ""RILPL1"", ""KIF3B"", ""CFAP298"", ""CLCN4"", ""IFT43"", ""CBY1"", ""SDCCAG8"")"
"7","52","52","52","","Cilia","GOBP_MICROTUBULE_BASED_MOVEMENT","GO:0007018","A microtubule-based process that results in the movement of organelles, other microtubules, or other cellular components.  Examples include motor-driven movement along microtubules and movement driven by polymerization or depolymerization of microtubules. [GOC:cjm, ISBN:0815316194]","GO:0007018","A microtubule-based process that results in the movement of organelles, other microtubules, or other cellular components.  Examples include motor-driven movement along microtubules and movement driven by polymerization or depolymerization of microtubules. [GOC:cjm, ISBN:0815316194]","GO:0007018","A microtubule-based process that results in the movement of organelles, other microtubules, or other cellular components.  Examples include motor-driven movement along microtubules and movement driven by polymerization or depolymerization of microtubules. [GOC:cjm, ISBN:0815316194]","GO:0007018","A microtubule-based process that results in the movement of organelles, other microtubules, or other cellular components.  Examples include motor-driven movement along microtubules and movement driven by polymerization or depolymerization of microtubules. [GOC:cjm, ISBN:0815316194]","1.98592842714167e-08","1.11986504006519e-05","0.73376198835648","0.484975003685988","1.89669854720443","258","c(""DNAH11"", ""AGBL4"", ""SPAG17"", ""CFAP54"", ""CFAP43"", ""DNAH6"", ""HYDIN"", ""DNAH7"", ""SPEF2"", ""RFX3"", ""TMEM108"", ""CFAP44"", ""DNAH14"", ""DNAH9"", ""SPAG16"", ""DNAH5"", ""RPGR"", ""CFAP61"", ""DNAH12"", ""CFAP70"", ""DRC1"", ""TTLL9"", ""KIF27"", ""CCDC40"", ""DYNC2H1"", ""DNAI1"", ""ZBBX"", ""JHY"", ""DNAAF4"", ""CFAP47"", ""CFAP52"", ""ARMC2"", ""TEKT1"", ""STAU2"", ""NME5"", ""KIF9"", ""CFAP221"", ""IQCG"", ""DNAAF1"", ""CCDC39"", ""CFAP46"", ""CFAP69"", ""MNS1"", ""DNAI2"", ""KTN1"", ""CFAP206"", ""CFAP100"", ""MAK"", ""DNAH3"", ""IFT74"", ""RGN"", ""SPAG6"", ""WDR19"", ""IFT172"", 
""DNAH2"", ""STK36"", ""TTC29"", ""TTC26"", ""KIFC3"", ""NEK10"", ""DAW1"", ""LCA5"", ""DYNLRB2"", ""FLOT2"", ""AP3S2"", ""TTC21A"", ""KIF6"", ""WDR35"", ""ZMYND10"", ""TERF2"", ""FMN2"", ""MAPT"", ""PCM1"", ""KIF26B"", ""DZIP1"", ""PRKCZ"", ""IFT57"", ""CATSPERD"", ""GAS8"", ""BBS4"", ""KIF24"", ""SLC9A3R1"", ""DYNC2LI1"", ""SPG7"", ""CFAP157"", ""NDE1"", ""TRAF3IP1"", ""APP"", ""RSPH4A"", ""ENKUR"", ""TTLL1"", ""KIF21A"", ""MREG"", ""BICDL1"", ""KIF3B"", ""CFAP298"", ""PLTP"")"
"8","55","55","55","","Cilia","GOBP_MICROTUBULE_BUNDLE_FORMATION","GO:0001578","A process that results in a parallel arrangement of microtubules. [GOC:dph]","GO:0001578","A process that results in a parallel arrangement of microtubules. [GOC:dph]","GO:0001578","A process that results in a parallel arrangement of microtubules. [GOC:dph]","GO:0001578","A process that results in a parallel arrangement of microtubules. [GOC:dph]","5.58574159623897e-12","7.87449921529790e-09","0.887074988399873","0.69982666058081","2.58065643829591","78","c(""SPAG17"", ""CFAP43"", ""HYDIN"", ""DNAH7"", ""SPEF2"", ""CFAP44"", ""SPAG16"", ""DNAH5"", ""NCKAP5"", ""SPAG1"", ""DRC1"", ""CCDC40"", ""DNAI1"", ""JHY"", ""DNAAF4"", ""CFAP47"", ""ARMC2"", ""IQCG"", ""DNAAF1"", ""CCDC39"", ""CFAP46"", ""CFAP69"", ""LRGUK"", ""MNS1"", ""DNAI2"", ""CFAP206"", ""CFAP100"", ""CFAP74"", ""SPAG6"", ""DNAL1"", ""DNAH2"", ""FOXJ1"", ""NAV1"", ""TTC26"", ""DNAJB13"", ""DAW1"")"
"9","62","62","62","","Cilia","GOBP_SPERM_FLAGELLUM_ASSEMBLY","GO:0120316","The assembly and organization of the sperm flagellum, the microtubule-based axoneme and associated structures that are part of a sperm flagellum (or cilium). [GOC:krc, PMID:32791035]","GO:0120316","The assembly and organization of the sperm flagellum, the microtubule-based axoneme and associated structures that are part of a sperm flagellum (or cilium). [GOC:krc, PMID:32791035]","GO:0120316","The assembly and organization of the sperm flagellum, the microtubule-based axoneme and associated structures that are part of a sperm flagellum (or cilium). [GOC:krc, PMID:32791035]","GO:0120316","The assembly and organization of the sperm flagellum, the microtubule-based axoneme and associated structures that are part of a sperm flagellum (or cilium). [GOC:krc, PMID:32791035]","3.33951748768568e-05","0.00508960516569177","0.557332238758646","0.759343826834833","2.42571526812931","20","c(""CFAP43"", ""SPEF2"", ""CFAP44"", ""SPAG16"", ""CFAP47"", ""ARMC2"", ""IQCG"", ""CFAP69"", ""MNS1"", ""CFAP206"", ""SPAG6"")"
"10","65","65","65","","Cilia","GOCC_9PLUS2_MOTILE_CILIUM","GO:0097729","A motile cilium where the axoneme has a ring of nine outer microtubule doublets plus two central microtubules (and is therefore called a 9+2 axoneme). [GOC:cilia, PMID:22118931]","GO:0097729","A motile cilium where the axoneme has a ring of nine outer microtubule doublets plus two central microtubules (and is therefore called a 9+2 axoneme). [GOC:cilia, PMID:22118931]","GO:0097729","A motile cilium where the axoneme has a ring of nine outer microtubule doublets plus two central microtubules (and is therefore called a 9+2 axoneme). [GOC:cilia, PMID:22118931]","GO:0097729","A motile cilium where the axoneme has a ring of nine outer microtubule doublets plus two central microtubules (and is therefore called a 9+2 axoneme). [GOC:cilia, PMID:22118931]","4.18228849357121e-06","0.00112304403882134","0.610526878385931","0.560501209788105","2.08708445592781","92","c(""DNAH11"", ""CFAP43"", ""PACRG"", ""SPEF2"", ""DNAH9"", ""SPAG16"", ""DNAH5"", ""RPGR"", ""CFAP70"", ""DNAI1"", ""CFAP47"", ""CFAP52"", ""SCNN1A"", ""NME5"", ""SPATA6L"", ""KIF9"", ""CFAP221"", ""SLC26A3"", ""IQCG"", ""CCDC39"", ""ODF2"", ""CFAP69"", ""MNS1"", ""DNAI2"", ""EFCAB2"", ""SPATA6"", ""SPAG6"", ""DRC3"", ""IFT172"", ""DNAH2"", ""TTC29"", ""AK8"", ""DNAJB13"", ""ATP1B1"")"
"11","66","66","66","","Cilia","GOCC_CILIARY_BASAL_BODY","GO:0036064","A membrane-tethered, short cylindrical array of microtubules and associated proteins found at the base of a eukaryotic cilium (also called flagellum) that is similar in structure to a centriole and derives from it. The cilium basal body is the site of assembly and remodelling of the cilium and serves as a nucleation site for axoneme growth. As well as anchoring the cilium, it is thought to provide a selective gateway regulating the entry of ciliary proteins and vesicles by intraflagellar transport. [GOC:cilia, GOC:clt, PMID:21750193]","GO:0036064","A membrane-tethered, short cylindrical array of microtubules and associated proteins found at the base of a eukaryotic cilium (also called flagellum) that is similar in structure to a centriole and derives from it. The cilium basal body is the site of assembly and remodelling of the cilium and serves as a nucleation site for axoneme growth. As well as anchoring the cilium, it is thought to provide a selective gateway regulating the entry of ciliary proteins and vesicles by intraflagellar transport. [GOC:cilia, GOC:clt, PMID:21750193]","GO:0036064","A membrane-tethered, short cylindrical array of microtubules and associated proteins found at the base of a eukaryotic cilium (also called flagellum) that is similar in structure to a centriole and derives from it. The cilium basal body is the site of assembly and remodelling of the cilium and serves as a nucleation site for axoneme growth. As well as anchoring the cilium, it is thought to provide a selective gateway regulating the entry of ciliary proteins and vesicles by intraflagellar transport. [GOC:cilia, GOC:clt, PMID:21750193]","GO:0036064","A membrane-tethered, short cylindrical array of microtubules and associated proteins found at the base of a eukaryotic cilium (also called flagellum) that is similar in structure to a centriole and derives from it. The cilium basal body is the site of assembly and remodelling of the cilium and serves as a nucleation site for axoneme growth. As well as anchoring the cilium, it is thought to provide a selective gateway regulating the entry of ciliary proteins and vesicles by intraflagellar transport. [GOC:cilia, GOC:clt, PMID:21750193]","1.39633893407548e-05","0.00246061101539114","0.593325476396405","0.506803611662085","1.90651987064147","125","c(""AGBL4"", ""EZR"", ""FANK1"", ""RPGR"", ""CFAP70"", ""TTLL9"", ""ARMC9"", ""EFHC2"", ""CCDC170"", ""BBOF1"", ""WHRN"", ""CFAP206"", ""CFAP100"", ""DISC1"", ""USH2A"", ""AHI1"", ""B9D1"", ""TTLL4"", ""MLF1"", ""CDC14A"", ""ODF2L"", ""INTU"", ""IFT172"", ""IFT80"", ""TTC26"", ""LCA5"", ""AGBL2"", ""DAAM1"", ""MAPK15"", ""CCDC178"", ""WDR35"", ""EXOC7"", ""TBC1D30"", ""PCM1"", ""SPATA7"", ""FAM161A"", ""DZIP1"", ""ARHGAP35"", ""IFT57"", ""GAS8"", ""BBS4"", ""DYNC2LI1"", ""CFAP157"", ""TRAF3IP1"", ""TTC8"", ""RPGRIP1L"", ""WDR11"", ""TTLL1"", ""RILPL1"", ""CBY1"", ""SDCCAG8"", ""IFT88"", ""GLE1"", ""TOGARAM1"", 
""KIF17"", ""SAXO1"", ""IQCD"", ""BBS2"", ""TTLL11"", ""IFT122"", ""POC1B"", ""BLOC1S6"")"
"12","67","67","67","","Cilia","GOCC_CILIARY_PLASM","GO:0097014","All of the contents of a cilium, excluding the plasma membrane surrounding the cilium. [GOC:BHF, GOC:cilia, GOC:dos, PMID:17895364]","GO:0097014","All of the contents of a cilium, excluding the plasma membrane surrounding the cilium. [GOC:BHF, GOC:cilia, GOC:dos, PMID:17895364]","GO:0097014","All of the contents of a cilium, excluding the plasma membrane surrounding the cilium. [GOC:BHF, GOC:cilia, GOC:dos, PMID:17895364]","GO:0097014","All of the contents of a cilium, excluding the plasma membrane surrounding the cilium. [GOC:BHF, GOC:cilia, GOC:dos, PMID:17895364]","2.25641766817077e-11","2.12065653846916e-08","0.863415391606693","0.653739939117505","2.44331712273411","98","c(""DNAH11"", ""SPAG17"", ""CFAP54"", ""CFAP43"", ""DNAH6"", ""HYDIN"", ""DNAH7"", ""DNAH14"", ""DNAH9"", ""SPAG16"", ""DNAH5"", ""CFAP61"", ""CFAP70"", ""DRC1"", ""EFHC1"", ""CCDC40"", ""DYNC2H1"", ""DNAI1"", ""DCDC2"", ""CFAP52"", ""CFAP221"", ""EFHC2"", ""DNAAF1"", ""CCDC39"", ""CFAP46"", ""MNS1"", ""DNAI2"", ""CFAP206"", ""CFAP100"", ""MAK"", ""ATG16L1"", ""CFAP74"", ""DNAH3"", ""ARL13B"", ""SPAG6"", ""DRC3"", ""IFT172"", ""DNAL1"", ""DNAH2"", ""WDPCP"", ""AK8"", ""DNAJB13"", ""LCA5"")"
"13","70","70","70","","Cilia","GOCC_CILIUM","GO:0005929","A specialized eukaryotic organelle that consists of a filiform extrusion of the cell surface and of some cytoplasmic parts. Each cilium is largely bounded by an extrusion of the cytoplasmic (plasma) membrane, and contains a regular longitudinal array of microtubules, anchored to a basal body. [GOC:cilia, GOC:curators, GOC:kmv, GOC:vw, ISBN:0198547684, PMID:16824949, PMID:17009929, PMID:20144998]","GO:0005929","A specialized eukaryotic organelle that consists of a filiform extrusion of the cell surface and of some cytoplasmic parts. Each cilium is largely bounded by an extrusion of the cytoplasmic (plasma) membrane, and contains a regular longitudinal array of microtubules, anchored to a basal body. [GOC:cilia, GOC:curators, GOC:kmv, GOC:vw, ISBN:0198547684, PMID:16824949, PMID:17009929, PMID:20144998]","GO:0005929","A specialized eukaryotic organelle that consists of a filiform extrusion of the cell surface and of some cytoplasmic parts. Each cilium is largely bounded by an extrusion of the cytoplasmic (plasma) membrane, and contains a regular longitudinal array of microtubules, anchored to a basal body. [GOC:cilia, GOC:curators, GOC:kmv, GOC:vw, ISBN:0198547684, PMID:16824949, PMID:17009929, PMID:20144998]","GO:0005929","A specialized eukaryotic organelle that consists of a filiform extrusion of the cell surface and of some cytoplasmic parts. Each cilium is largely bounded by an extrusion of the cytoplasmic (plasma) membrane, and contains a regular longitudinal array of microtubules, anchored to a basal body. [GOC:cilia, GOC:curators, GOC:kmv, GOC:vw, ISBN:0198547684, PMID:16824949, PMID:17009929, PMID:20144998]","4.42307008866747e-17","2.49416922299959e-13","1.06720998682811","0.508737208508588","2.01805835933606","441","c(""SHANK2"", ""DNAH11"", ""AGBL4"", ""SLC24A4"", ""ABCA4"", ""SPAG17"", ""CFAP54"", ""CFAP43"", ""DNAH6"", ""HYDIN"", ""DNAH7"", ""MYRIP"", ""TRPV4"", ""PACRG"", ""SPEF2"", ""CFAP44"", ""DNAH14"", ""EZR"", ""DNAH9"", ""SPAG16"", ""IQCA1"", ""DNAH5"", ""FANK1"", ""RPGR"", ""CFAP61"", ""MOK"", ""TSGA10"", ""DNAH12"", ""CFAP70"", ""DRC1"", ""TTLL9"", ""KIF27"", ""EFHC1"", ""CCDC40"", ""DYNC2H1"", ""PDGFRA"", ""DNAI1"", ""ZBBX"", ""ARMC9"", ""DCDC2"", ""DNAAF4"", ""CFAP47"", ""CFAP52"", ""TEKT1"", ""SCNN1A"", ""TOGARAM2"", ""NME5"", ""SPATA6L"", ""KIF9"", ""CFAP77"", ""CFAP221"", ""EFHC2"", ""AK7"", ""SLC26A3"", 
""BSG"", ""IQCG"", ""DNAAF1"", ""CCDC39"", ""CFAP46"", ""ODF2"", ""NPHP1"", ""CFAP69"", ""TMEM67"", ""MNS1"", ""CCDC170"", ""DHRS3"", ""DNAI2"", ""BBOF1"", ""WHRN"", ""CEP126"", ""CFAP206"", ""CFAP100"", ""CFAP161"", ""TTLL5"", ""DISC1"", ""MAK"", ""ATG16L1"", ""USH2A"", ""CFAP74"", ""EFCAB2"", ""DNAH3"", ""ARL13B"", ""IFT74"", ""GPR157"", ""AHI1"", ""B9D1"", ""PCDH15"", ""SPATA6"", ""SPAG6"", ""DRC3"", ""TTLL4"", ""EYS"", ""MLF1"", ""CDC14A"", ""WDR19"", ""ODF2L"", ""INTU"", ""IFT172"", ""DNAL1"", ""DNAH2"", ""WDPCP"", ""BBS9"", ""IFT80"", ""CPLANE1"", ""TTC29"", ""PSEN1"", ""AK8"", ""TTC26"", ""CEP104"", 
""CCP110"", ""DNAJB13"", ""PRKAR1B"", ""DAW1"", ""LCA5"", ""AGBL2"", ""KCNQ1"", ""DYNLRB2"", ""ATP1B1"", ""DAAM1"", ""C4orf47"", ""SMO"", ""MYO7A"", ""MAPK15"", ""RSPH3"", ""EFCAB7"", ""CCDC178"", ""TTC21A"", ""PKM"", ""WDR35"", ""CFAP300"", ""EXOC7"", ""FBXL13"", ""TBC1D30"", ""IQCE"", ""PCM1"", ""SPATA7"", ""FAM161A"", ""CCDC189"", ""KIAA1549"", ""TCTN1"", ""DZIP1"", ""ARHGAP35"", ""IFT57"", ""GSTM3"", ""CATSPERD"", ""IQUB"", ""CCDC181"", ""GAS8"", ""CCDC68"", ""BBS4"", ""CERKL"", ""SLC9A3R1"", ""DYNC2LI1"", ""RSPH1"", ""AKAP14"", ""TOMM20"", ""CFAP157"", ""TRAF3IP1"", ""APP"", ""TTC8"", ""DYNLL1"", 
""RPGRIP1L"", ""RSPH4A"", ""CRB1"", ""ENKUR"", ""WDR11"", ""TTLL1"", ""HSPB11"", ""RILPL1"", ""NXNL1"", ""KIF3B"", ""CFAP298"", ""CLCN4"", ""IFT43"", ""CBY1"", ""SDCCAG8"", ""IFT22"", ""FLACC1"", ""ENO4"", ""EFCAB1"", ""IFT88"", ""WBP2NL"", ""ATG7"", ""ARL2"", ""CATSPERE"", ""GLE1"", ""RP1"", ""TOGARAM1"", ""KIF17"", ""CDHR1"")"
"14","72","72","72","","Cilia","GOCC_MOTILE_CILIUM","GO:0031514","A cilium which may have a variable arrangement of axonemal microtubules and also contains molecular motors. It may beat with a whip-like pattern that promotes cell motility or transport of fluids and other cells across a cell surface, such as on epithelial cells that line the lumenal ducts of various tissues; or they may display a distinct twirling motion that directs fluid flow asymmetrically across the cellular surface to affect asymmetric body plan organization. Motile cilia can be found in single as well as multiple copies per cell. [GOC:cilia, GOC:dgh, GOC:kmv, PMID:17009929, PMID:20144998, PMID:22118931]","GO:0031514","A cilium which may have a variable arrangement of axonemal microtubules and also contains molecular motors. It may beat with a whip-like pattern that promotes cell motility or transport of fluids and other cells across a cell surface, such as on epithelial cells that line the lumenal ducts of various tissues; or they may display a distinct twirling motion that directs fluid flow asymmetrically across the cellular surface to affect asymmetric body plan organization. Motile cilia can be found in single as well as multiple copies per cell. [GOC:cilia, GOC:dgh, GOC:kmv, PMID:17009929, PMID:20144998, PMID:22118931]","GO:0031514","A cilium which may have a variable arrangement of axonemal microtubules and also contains molecular motors. It may beat with a whip-like pattern that promotes cell motility or transport of fluids and other cells across a cell surface, such as on epithelial cells that line the lumenal ducts of various tissues; or they may display a distinct twirling motion that directs fluid flow asymmetrically across the cellular surface to affect asymmetric body plan organization. Motile cilia can be found in single as well as multiple copies per cell. [GOC:cilia, GOC:dgh, GOC:kmv, PMID:17009929, PMID:20144998, PMID:22118931]","GO:0031514","A cilium which may have a variable arrangement of axonemal microtubules and also contains molecular motors. It may beat with a whip-like pattern that promotes cell motility or transport of fluids and other cells across a cell surface, such as on epithelial cells that line the lumenal ducts of various tissues; or they may display a distinct twirling motion that directs fluid flow asymmetrically across the cellular surface to affect asymmetric body plan organization. Motile cilia can be found in single as well as multiple copies per cell. [GOC:cilia, GOC:dgh, GOC:kmv, PMID:17009929, PMID:20144998, PMID:22118931]","1.92997588620778e-10","1.55473343176081e-07","0.826657301178302","0.592651424537182","2.25212346497588","144","c(""DNAH11"", ""SPAG17"", ""CFAP43"", ""PACRG"", ""SPEF2"", ""CFAP44"", ""DNAH9"", ""SPAG16"", ""IQCA1"", ""DNAH5"", ""RPGR"", ""CFAP61"", ""TSGA10"", ""CFAP70"", ""DRC1"", ""TTLL9"", ""DYNC2H1"", ""DNAI1"", ""ZBBX"", ""CFAP47"", ""CFAP52"", ""TEKT1"", ""SCNN1A"", ""NME5"", ""SPATA6L"", ""KIF9"", ""CFAP221"", ""AK7"", ""SLC26A3"", ""IQCG"", ""CCDC39"", ""ODF2"", ""NPHP1"", ""CFAP69"", ""MNS1"", ""DNAI2"", ""CFAP206"", ""CFAP100"", ""CFAP161"", ""MAK"", ""EFCAB2"", ""ARL13B"", ""IFT74"", ""SPATA6"", ""SPAG6"", ""DRC3"", ""WDR19"", ""INTU"", ""IFT172"", ""DNAH2"", ""TTC29"", ""AK8"", ""DNAJB13"", ""ATP1B1"", 
""DAAM1"", ""CFAP300"", ""FBXL13"", ""CCDC189"", ""GSTM3"", ""CATSPERD"", ""IQUB"", ""CCDC181"", ""GAS8"", ""BBS4"", ""SLC9A3R1"", ""DYNC2LI1"", ""RSPH1"", ""TOMM20"")"
"15","73","73","73","","Cilia","GOBP_AXONEME_ASSEMBLY","GO:0035082","The assembly and organization of an axoneme, the bundle of microtubules and associated proteins that forms the core of cilia (also called flagella) in eukaryotic cells and is responsible for their movements. [GOC:bf, GOC:cilia, GOC:jl, ISBN:0815316194]","GO:0035082","The assembly and organization of an axoneme, the bundle of microtubules and associated proteins that forms the core of cilia (also called flagella) in eukaryotic cells and is responsible for their movements. [GOC:bf, GOC:cilia, GOC:jl, ISBN:0815316194]","GO:0035082","The assembly and organization of an axoneme, the bundle of microtubules and associated proteins that forms the core of cilia (also called flagella) in eukaryotic cells and is responsible for their movements. [GOC:bf, GOC:cilia, GOC:jl, ISBN:0815316194]","GO:0035082","The assembly and organization of an axoneme, the bundle of microtubules and associated proteins that forms the core of cilia (also called flagella) in eukaryotic cells and is responsible for their movements. [GOC:bf, GOC:cilia, GOC:jl, ISBN:0815316194]","2.86831663165116e-12","5.3914791619603e-09","0.898671232061694","0.75980321433705","2.7521790012386","57","c(""SPAG17"", ""CFAP43"", ""HYDIN"", ""DNAH7"", ""SPEF2"", ""CFAP44"", ""SPAG16"", ""DNAH5"", ""SPAG1"", ""DRC1"", ""CCDC40"", ""DNAI1"", ""JHY"", ""DNAAF4"", ""CFAP47"", ""ARMC2"", ""IQCG"", ""DNAAF1"", ""CCDC39"", ""CFAP46"", ""CFAP69"", ""LRGUK"", ""MNS1"", ""DNAI2"", ""CFAP206"", ""CFAP100"", ""CFAP74"", ""SPAG6"", ""DNAL1"", ""DNAH2"", ""FOXJ1"", ""TTC26"", ""DNAJB13"", ""DAW1"")"
"16","74","74","74","","Cilia","GOBP_EXTRACELLULAR_TRANSPORT","GO:0006858","The transport of substances that occurs outside cells. [GOC:go_curators]","GO:0006858","The transport of substances that occurs outside cells. [GOC:go_curators]","GO:0006858","The transport of substances that occurs outside cells. [GOC:go_curators]","GO:0006858","The transport of substances that occurs outside cells. [GOC:go_curators]","2.31810198126643e-09","1.63397213404517e-06","0.774939030136436","0.771134385289376","2.69566981756055","38","c(""DNAH11"", ""SPAG17"", ""CFAP54"", ""CFAP43"", ""SPEF2"", ""RFX3"", ""DNAH9"", ""SPAG16"", ""DNAH5"", ""KIF27"", ""CCDC40"", ""DNAI1"", ""JHY"", ""DNAAF4"", ""NME5"", ""CFAP221"", ""DNAAF1"", ""CCDC39"", ""SPAG6"", ""STK36"", ""NEK10"", ""DAW1"")"
"17","78","78","78","","Cilia","GOCC_CYTOPLASMIC_REGION","GO:0099568","Any (proper) part of the cytoplasm of a single cell of sufficient size to still be considered cytoplasm. [GOC:dos]","GO:0099568","Any (proper) part of the cytoplasm of a single cell of sufficient size to still be considered cytoplasm. [GOC:dos]","GO:0099568","Any (proper) part of the cytoplasm of a single cell of sufficient size to still be considered cytoplasm. [GOC:dos]","GO:0099568","Any (proper) part of the cytoplasm of a single cell of sufficient size to still be considered cytoplasm. [GOC:dos]","1.14625066712327e-05","0.00222886465927867","0.593325476396405","0.464484431530068","1.79393894978402","198","c(""DNAH11"", ""AGBL4"", ""SPAG17"", ""CFAP54"", ""CFAP43"", ""DNAH6"", ""HYDIN"", ""DNAH7"", ""TMEM108"", ""DNAH14"", ""DNAH9"", ""SPAG16"", ""DNAH5"", ""CFAP61"", ""CFAP70"", ""DRC1"", ""EFHC1"", ""CCDC40"", ""DYNC2H1"", ""DNAI1"", ""DCDC2"", ""CLTA"", ""CFAP52"", ""STAU2"", ""CFAP221"", ""EFHC2"", ""DNAAF1"", ""CCDC39"", ""CFAP46"", ""MNS1"", ""DNAI2"", ""CANX"", ""CFAP206"", ""CFAP100"", ""MAK"", ""ATG16L1"", ""CFAP74"", ""DNAH3"", ""ARL13B"", ""SPAG6"", ""DRC3"", ""MYO5B"", ""IFT172"", ""DNAL1"", ""DNAH2"", ""WDPCP"", ""AK8"", ""DNAJB13"", ""LCA5"", ""FLOT2"", ""ERC2"", ""MAPK15"", ""AP3S2"", ""RIMS2""
)"
"18","83","83","83","","Cilia","GOCC_NON_MOTILE_CILIUM","GO:0097730","A cilium which may have a variable array of axonemal microtubules but does not contain molecular motors. [GOC:cilia, GOC:dgh, GOC:kmv, PMID:17009929, PMID:20144998, PMID:22118931]","GO:0097730","A cilium which may have a variable array of axonemal microtubules but does not contain molecular motors. [GOC:cilia, GOC:dgh, GOC:kmv, PMID:17009929, PMID:20144998, PMID:22118931]","GO:0097730","A cilium which may have a variable array of axonemal microtubules but does not contain molecular motors. [GOC:cilia, GOC:dgh, GOC:kmv, PMID:17009929, PMID:20144998, PMID:22118931]","GO:0097730","A cilium which may have a variable array of axonemal microtubules but does not contain molecular motors. [GOC:cilia, GOC:dgh, GOC:kmv, PMID:17009929, PMID:20144998, PMID:22118931]","7.9890715706624e-06","0.00173270671488328","0.593325476396405","0.552024184193272","2.05252425990919","91","c(""SHANK2"", ""SLC24A4"", ""ABCA4"", ""MYRIP"", ""RPGR"", ""DCDC2"", ""DNAAF4"", ""BSG"", ""NPHP1"", ""CFAP69"", ""DHRS3"", ""WHRN"", ""MAK"", ""USH2A"", ""ARL13B"", ""AHI1"", ""PCDH15"", ""TTLL4"", ""EYS"", ""CDC14A"", ""WDR19"", ""IFT80"", ""LCA5"", ""C4orf47"", ""SMO"", ""MYO7A"", ""PCM1"", ""SPATA7"", ""FAM161A"", ""KIAA1549"", ""IFT57"", ""BBS4"", ""CERKL"", ""TTC8"", ""RPGRIP1L"", ""CRB1"", ""NXNL1"", ""SDCCAG8"", ""IFT88"", ""RP1"", ""KIF17"", ""CDHR1"", ""CNGB3"", ""SEPTIN2"", ""GRK4"")"
"19","87","87","87","","Cilia","GOBP_AXONEMAL_DYNEIN_COMPLEX_ASSEMBLY","GO:0070286","The aggregation, arrangement and bonding together of a set of components to form an axonemal dynein complex, a dynein complex found in eukaryotic cilia and flagella, in which the motor domain heads interact with adjacent microtubules to generate a sliding force which is converted to a bending motion. [GOC:cilia, GOC:mah, PMID:19052621]","GO:0070286","The aggregation, arrangement and bonding together of a set of components to form an axonemal dynein complex, a dynein complex found in eukaryotic cilia and flagella, in which the motor domain heads interact with adjacent microtubules to generate a sliding force which is converted to a bending motion. [GOC:cilia, GOC:mah, PMID:19052621]","GO:0070286","The aggregation, arrangement and bonding together of a set of components to form an axonemal dynein complex, a dynein complex found in eukaryotic cilia and flagella, in which the motor domain heads interact with adjacent microtubules to generate a sliding force which is converted to a bending motion. [GOC:cilia, GOC:mah, PMID:19052621]","GO:0070286","The aggregation, arrangement and bonding together of a set of components to form an axonemal dynein complex, a dynein complex found in eukaryotic cilia and flagella, in which the motor domain heads interact with adjacent microtubules to generate a sliding force which is converted to a bending motion. [GOC:cilia, GOC:mah, PMID:19052621]","7.43332459996087e-06","0.00167666069676717","0.610526878385931","0.769183466942721","2.50343444967402","23","c(""DNAH7"", ""DNAH5"", ""SPAG1"", ""DRC1"", ""CCDC40"", ""DNAI1"", ""DNAAF4"", ""DNAAF1"", ""CCDC39"", ""DNAI2"", ""CFAP100"", ""DNAL1"", ""DNAH2"", ""DAW1"", ""ZMYND10"")"
"20","89","89","89","*","Cilia","GOCC_DYNEIN_COMPLEX","GO:0030286","Any of several large complexes that contain two or three dynein heavy chains and several light chains, and have microtubule motor activity. [ISBN:0815316194]","GO:0030286","Any of several large complexes that contain two or three dynein heavy chains and several light chains, and have microtubule motor activity. [ISBN:0815316194]","GO:0030286","Any of several large complexes that contain two or three dynein heavy chains and several light chains, and have microtubule motor activity. [ISBN:0815316194]","GO:0030286","Any of several large complexes that contain two or three dynein heavy chains and several light chains, and have microtubule motor activity. [ISBN:0815316194]","2.52798813936357e-06","0.000831942230119994","0.627256739718528","0.693395512959929","2.43753824317444","40","c(""DNAH11"", ""DNAH6"", ""DNAH7"", ""DNAH14"", ""DNAH9"", ""DNAH5"", ""DNAH12"", ""CFAP70"", ""DRC1"", ""DYNC2H1"", ""DNAI1"", ""DNAI2"", ""DISC1"", ""DNAH3"", ""DNAL1"", ""DNAH2"", ""DYNLRB2"")"
"21","330","330","330","","Transport","GOMF_TRANSPORTER_ACTIVITY","GO:0005215","Enables the directed movement of substances (such as macromolecules, small molecules, ions) into, out of or within a cell, or between cells. [GOC:ai, GOC:dgf]","GO:0005215","Enables the directed movement of substances (such as macromolecules, small molecules, ions) into, out of or within a cell, or between cells. [GOC:ai, GOC:dgf]","GO:0005215","Enables the directed movement of substances (such as macromolecules, small molecules, ions) into, out of or within a cell, or between cells. [GOC:ai, GOC:dgf]","GO:0005215","Enables the directed movement of substances (such as macromolecules, small molecules, ions) into, out of or within a cell, or between cells. [GOC:ai, GOC:dgf]","4.23752009998995e-05","0.00582814044971788","0.557332238758646","0.356590046819545","1.43238525486934","697","c(""TRPM3"", ""CLIC6"", ""SLC24A4"", ""ATP2B2"", ""GPM6A"", ""SLC4A10"", ""GRAMD1B"", ""ABCA4"", ""RYR3"", ""TRPV4"", ""SLC16A10"", ""STIM2"", ""SLC39A12"", ""SLC16A12"", ""PITPNM2"", ""SLC23A2"", ""SLC13A4"", ""ABCA8"", ""ABCA9"", ""SLC4A5"", ""APOD"", ""ATP13A5"", ""SLC20A2"", ""CACHD1"", ""ABCC5"", ""HVCN1"", ""SLC2A13"", ""ABCC4"", ""SLC2A12"", ""CACNB4"", ""OCA2"", ""ATP2B3"", ""SLC15A4"", ""ABCA6"", ""ABCC9"", ""SLC1A3"", ""ABCG1"", ""LRP6"", ""SLC16A6"", ""OSBPL10"", ""SLC12A2"", ""SLC6A20"", ""ABCA10"", ""SCNN1A"", ""SLC22A23"", ""ATP13A4"", ""SLC4A4"", ""SLC1A1"", ""TMCO1"", ""KCNJ3"", 
""AQP1"", ""SERINC5"", ""ABCC1"", ""SLC28A3"", ""SLC26A3"", ""FLVCR2"", ""SLC5A5"", ""SLC7A6"", ""KCNH5"", ""TUSC3"", ""FABP5"", ""SLC9C2"", ""KCNK13"", ""SLC47A2"", ""KCNK1"", ""SLC7A8"", ""MFSD4B"", ""SLC44A1"", ""SLC25A37"", ""SLC22A8"", ""SLC25A18"", ""SLC30A10"", ""ABCB8"", ""TMC5"", ""SLC7A11"", ""GRIK4"", ""SLC25A6"", ""SLCO1C1"", ""KCNK6"", ""ANKH"", ""SLC27A1"", ""SHROOM2"", ""SCARB1"", ""ANO5"", ""GJA1"", ""NPC2"", ""CHRNA7"", ""PITPNA"", ""GRAMD1C"", ""SLC9A9"", ""ANO3"", ""PTK2B"", ""CLCN7"", ""KCNT2"", ""KCNE1"", ""GABRA3"", ""SLC19A1"", ""SLCO1B3"", ""SLC4A2"", ""PSEN1"", ""TRPM7"", 
""KCNIP1"", ""CACNA1D"", ""KCNN2"", ""KCNQ1"", ""OSBP2"", ""ATP5F1A"", ""TMEM266"", ""SLC5A3"", ""ATP1B1"", ""SLC7A1"", ""TMC1"", ""SLC39A14"", ""SLC1A2"", ""FXYD1"", ""NDUFS3"", ""TOMM7"", ""SLC48A1"", ""SLC13A3"", ""MT-CO3"", ""SLC16A9"", ""ATP10B"", ""SLC24A3"", ""NALCN"", ""ABCB1"", ""SLC41A1"", ""SFXN5"", ""COX8A"", ""ANO4"", ""CACNA1B"", ""GABRB3"", ""SLC41A2"", ""SLC27A6"", ""SLC29A4"", ""MFSD14C"", ""TMEM38A"", ""SLC16A1"", ""SLC18B1"", ""NDUFA5"", ""SLC22A17"", ""LRRC8C"", ""PITPNC1"", ""ATP8A1"", ""KCNN3"", ""MT-CO2"", ""ABCA7"", ""KCNIP4"", ""SEC63"", ""PIEZO2"", ""TMEM120B"", ""ATP6V1A"", 
""ATP5ME"", ""ANO2"", ""COX7A2L"", ""GRIA4"", ""ABCA13"", ""ASIC2"", ""NPC1"", ""SLC25A33"", ""NIPAL1"", ""SLC26A2"", ""ATP6V0B"", ""PDPN"", ""SLC9A3R1"", ""SLC2A1"", ""SLC11A1"", ""TOMM20"", ""KCNK2"", ""PEX5L"", ""TAPBP"", ""FABP4"", ""ABCG2"", ""SLC25A29"", ""SLC35C2"", ""PKD1L3"", ""TMEM150C"", ""ATP8B4"", ""MPC1"", ""SLC35F2"", ""APOE"", ""GABRB2"", ""RHBDF2"", ""DISP1"", ""CACNA1E"", ""SVOPL"", ""SLC38A1"", ""SLC19A2"", ""KCND2"", ""SLC27A2"", ""SVOP"")"
"22","368","368","368","","Transport","GOBP_SPECIFICATION_OF_SYMMETRY","GO:0009799","The establishment of an organism's body plan or part of an organism such that a similar arrangement in form and relationship of parts around a common axis, or around each side of a plane is created. [GOC:go_curators]","GO:0009799","The establishment of an organism's body plan or part of an organism such that a similar arrangement in form and relationship of parts around a common axis, or around each side of a plane is created. [GOC:go_curators]","GO:0009799","The establishment of an organism's body plan or part of an organism such that a similar arrangement in form and relationship of parts around a common axis, or around each side of a plane is created. [GOC:go_curators]","GO:0009799","The establishment of an organism's body plan or part of an organism such that a similar arrangement in form and relationship of parts around a common axis, or around each side of a plane is created. [GOC:go_curators]","2.66556365784778e-06","0.000831942230119994","0.627256739718528","0.566150438879668","2.10811994705446","92","c(""DNAH11"", ""GALNT11"", ""RFX3"", ""BICC1"", ""DNAH5"", ""DRC1"", ""CCDC40"", ""DYNC2H1"", ""DNAI1"", ""DNAAF4"", ""CFAP52"", ""SMAD3"", ""TGFBR2"", ""MICAL2"", ""NBL1"", ""DNAAF1"", ""CCDC39"", ""DNAI2"", ""PCSK6"", ""ARL13B"", ""IFT74"", ""AHI1"", ""FOLR1"", ""GJA1"", ""IFT172"", ""FOXJ1"", ""PSEN1"", ""DAW1"", ""SMO"", ""DLL1"", ""SOSTDC1"", ""GREM1"", ""IFT57"", ""GAS8"", ""BBS4"", ""DYNC2LI1"", ""RPGRIP1L"", ""ENKUR"", ""DISP1"", ""ALDH1A2"", ""KIF3B"")"
"23","369","369","369","","Transport","GOCC_AXONEMAL_DYNEIN_COMPLEX","GO:0005858","A dynein complex found in eukaryotic cilia and flagella; the motor domain heads interact with adjacent microtubules to generate a sliding force which is converted to a bending motion. [GOC:cilia, GOC:hla, GOC:krc, ISBN:0815316194]","GO:0005858","A dynein complex found in eukaryotic cilia and flagella; the motor domain heads interact with adjacent microtubules to generate a sliding force which is converted to a bending motion. [GOC:cilia, GOC:hla, GOC:krc, ISBN:0815316194]","GO:0005858","A dynein complex found in eukaryotic cilia and flagella; the motor domain heads interact with adjacent microtubules to generate a sliding force which is converted to a bending motion. [GOC:cilia, GOC:hla, GOC:krc, ISBN:0815316194]","GO:0005858","A dynein complex found in eukaryotic cilia and flagella; the motor domain heads interact with adjacent microtubules to generate a sliding force which is converted to a bending motion. [GOC:cilia, GOC:hla, GOC:krc, ISBN:0815316194]","2.8031392750984e-06","0.000831942230119994","0.627256739718528","0.843969294969765","2.60677878123609","16","c(""DNAH6"", ""DNAH7"", ""DNAH14"", ""DNAH9"", ""DNAH5"", ""CFAP70"", ""DRC1"", ""DNAI1"", ""DNAI2"", ""DNAH3"", ""DNAL1"", ""DNAH2"")"
"24","572","572","572",NA,NA,"GOBP_ANION_TRANSMEMBRANE_TRANSPORT","GO:0098656","The process in which an anion is transported across a membrane. [GOC:dos, GOC:vw]","GO:0098656","The process in which an anion is transported across a membrane. [GOC:dos, GOC:vw]","GO:0098656","The process in which an anion is transported across a membrane. [GOC:dos, GOC:vw]","GO:0098656","The process in which an anion is transported across a membrane. [GOC:dos, GOC:vw]","8.98423051178885e-07","0.000337747172373182","0.659444398037935","0.519828213902164","1.98604087219617","151","c(""SLC24A4"", ""SLC4A10"", ""SLC16A12"", ""SLC23A2"", ""SLC13A4"", ""SLC4A5"", ""SLC20A2"", ""ABCC5"", ""ABCC4"", ""SLC15A4"", ""SLC1A3"", ""SLC12A2"", ""SLC6A20"", ""SLC4A4"", ""SLC1A1"", ""ABCC1"", ""SLC26A3"", ""SLC5A5"", ""SLC9C2"", ""PRNP"", ""SLC7A8"", ""SLC22A8"", ""SLC25A18"", ""SLC7A11"", ""SLC25A6"", ""ANKH"", ""FOLR1"", ""SLC27A1"", ""ANO5"", ""GJA1"", ""SLC9A9"", ""ANO3"", ""CLCN7"", ""GABRA3"", ""SLC19A1"", ""SLC4A2"", ""PSEN1"", ""SLC7A1"", ""SLC1A2"", ""SLC13A3"", ""SLC24A3"", ""ABCB1"", ""ANO4"", ""GABRB3"", ""SLC16A1"", ""LRRC8C"")"
"25","573","573","573",NA,NA,"GOBP_ANION_TRANSPORT","GO:0006820","The directed movement of anions, atoms or small molecules with a net negative charge, into, out of or within a cell, or between cells, by means of some agent such as a transporter or pore. [GOC:ai]","GO:0006820","The directed movement of anions, atoms or small molecules with a net negative charge, into, out of or within a cell, or between cells, by means of some agent such as a transporter or pore. [GOC:ai]","GO:0006820","The directed movement of anions, atoms or small molecules with a net negative charge, into, out of or within a cell, or between cells, by means of some agent such as a transporter or pore. [GOC:ai]","GO:0006820","The directed movement of anions, atoms or small molecules with a net negative charge, into, out of or within a cell, or between cells, by means of some agent such as a transporter or pore. [GOC:ai]","1.00731301065996e-05","0.00202865645253982","0.593325476396405","0.429633158307773","1.68272504812237","275","c(""CLIC6"", ""SLC24A4"", ""SLC4A10"", ""SLC16A12"", ""SLC23A2"", ""SLC13A4"", ""SLC4A5"", ""SLC20A2"", ""ABCC5"", ""ABCC4"", ""SLC15A4"", ""ABCC9"", ""SLC1A3"", ""SLC16A6"", ""CA2"", ""SLC12A2"", ""SLC6A20"", ""SLC4A4"", ""SLC1A1"", ""SERINC5"", ""ABCC1"", ""PSAP"", ""ABAT"", ""SLC26A3"", ""GRM7"", ""SLC5A5"", ""SLC7A6"", ""PLA2G5"", ""OSTM1"", ""SLC9C2"", ""PRNP"", ""SLC7A8"", ""SLC22A8"", ""SLC25A18"", ""IP6K2"", ""SLC7A11"", ""SLC25A6"", ""SLCO1C1"", ""ANKH"", ""FOLR1"", ""SLC27A1"", ""ANO5"", ""GJA1"", ""SLC9A9"", ""ANO3"", ""CLCN7"", ""GABRA3"", ""SLC19A1"", ""SLCO1B3"", ""SLC4A2"", ""PSEN1"", 
""SNCA"", ""KCNQ1"", ""SLC7A1"", ""SLC39A14"", ""SLC1A2"", ""FXYD1"", ""SLC13A3"", ""SLC16A9"", ""SLC24A3"", ""ABCB1"", ""SFXN5"", ""ANO4"", ""GABRB3"", ""SLC27A6"", ""SLC16A1"", ""MGST1"", ""STC1"", ""LRRC8C"", ""MAP2K6"", ""NTRK2"", ""ANO2"", ""STXBP1"", ""SLC26A2"", ""PDPN"", ""SLC9A3R1"", ""SLC2A1"", ""SLC11A1"", ""ABCG2"", ""SLC25A29"", ""SLC35C2"", ""MPC1"", ""GABRB2"", ""GIPC1"", ""PLA2G12A"", ""SLC38A1"", ""SLC19A2"")"
"26","3797","3797","3797",NA,NA,"GOBP_NERVOUS_SYSTEM_PROCESS","GO:0050877","A organ system process carried out by any of the organs or tissues of neurological system. [GOC:ai, GOC:mtg_cardio]","GO:0050877","A organ system process carried out by any of the organs or tissues of neurological system. [GOC:ai, GOC:mtg_cardio]","GO:0050877","A organ system process carried out by any of the organs or tissues of neurological system. [GOC:ai, GOC:mtg_cardio]","GO:0050877","A organ system process carried out by any of the organs or tissues of neurological system. [GOC:ai, GOC:mtg_cardio]","2.47137074148311e-05","0.00387112766978423","0.575610261071129","0.373059120578784","1.48822068106319","532","c(""TRPM3"", ""HTR2C"", ""SHANK2"", ""DNAH11"", ""CEMIP"", ""SLC24A4"", ""ATP2B2"", ""SLC4A10"", ""ABCA4"", ""CFAP54"", ""CFAP43"", ""CUX2"", ""ADGRV1"", ""GRM8"", ""NLGN1"", ""EYA1"", ""TMEM108"", ""ABLIM1"", ""INSR"", ""DNAH9"", ""CPEB3"", ""SGK1"", ""NRXN3"", ""SPAG16"", ""COL4A3"", ""HOMER2"", ""RBFOX1"", ""RPGR"", ""CSMD1"", ""EFEMP1"", ""LAMC3"", ""SOD2"", ""DCDC2"", ""B2M"", ""TIMP3"", ""RETREG1"", ""LMX1A"", ""SLC1A3"", ""JHY"", ""CTNNA2"", ""CLDN5"", ""PPP1R1B"", ""NRXN1"", ""GPR155"", ""SLC1A1"", ""CFAP221"", ""COL11A1"", ""ABAT"", ""WASF3"", ""MFRP"", ""SERPINF1"", ""GRM7"", ""CCDC39"", ""ATXN1"", 
""CFAP69"", ""DHRS3"", ""TUSC3"", ""FABP5"", ""WHRN"", ""PRNP"", ""SHISA9"", ""USP53"", ""USH2A"", ""CNTNAP2"", ""DLGAP1"", ""STAC"", ""MYH14"", ""CDH3"", ""PCDH15"", ""SOBP"", ""SLC7A11"", ""MBP"", ""PAIP2"", ""LPIN1"", ""EYS"", ""SPTBN4"", ""CDC14A"", ""WDR19"", ""ANK3"", ""LRAT"", ""CHRNA7"", ""PITPNA"", ""RCAN1"", ""PTK2B"", ""NLGN4Y"", ""BBS9"", ""KCNE1"", ""GABRA3"", ""DLGAP2"", ""PSEN1"", ""SHISA6"", ""SNCA"", ""SYNJ1"", ""CACNA1D"", ""KIFC3"", ""PRKAR1B"", ""DAW1"", ""KCNQ1"", ""C5AR1"", ""RDH10"", ""LEF1"", ""TMC1"", ""DDHD2"", ""MYO7A"", ""SPART"", ""RIMS2"", ""CHD7"", ""FAM107A"", ""GNAL"", ""RIPOR2"", 
""PRKN"", ""GABRB3"", ""RGS9"", ""PTN"", ""ATP8A1"", ""TLR2"", ""LHFPL3"", ""ABCA7"", ""NTRK2"", ""MAPT"", ""SPATA7"", ""PIEZO2"", ""FAM161A"", ""TMEM98"", ""RIMS1"", ""PTCHD1"", ""PRKCZ"", ""RPS6KA2"", ""MARVELD2"", ""NLGN4X"", ""ASIC2"", ""BBS4"", ""BRINP1"", ""GNAS"", ""SLC9A3R1"", ""MYO3B"", ""GCH1"", ""CNTN5"", ""TSC1"", ""HERC1"", ""KCNK2"", ""NRCAM"", ""APP"", ""TTC8"", ""EPHB2"", ""PKD1L3"", ""TMEM150C"", ""DGCR2"", ""CRB1"", ""TGFBI"", ""APOE"", ""GABRB2"", ""CTSC"")"
"27","7771","7771","7771",NA,NA,"GOCC_9PLUS0_NON_MOTILE_CILIUM","GO:0097731","A non-motile cilium where the axoneme has a ring of nine outer microtubule doublets but no central microtubules (and is therefore called a 9+0 axoneme). [GOC:cilia, PMID:22118931]","GO:0097731","A non-motile cilium where the axoneme has a ring of nine outer microtubule doublets but no central microtubules (and is therefore called a 9+0 axoneme). [GOC:cilia, PMID:22118931]","GO:0097731","A non-motile cilium where the axoneme has a ring of nine outer microtubule doublets but no central microtubules (and is therefore called a 9+0 axoneme). [GOC:cilia, PMID:22118931]","GO:0097731","A non-motile cilium where the axoneme has a ring of nine outer microtubule doublets but no central microtubules (and is therefore called a 9+0 axoneme). [GOC:cilia, PMID:22118931]","3.90076867104672e-05","0.0056401114194955","0.557332238758646","0.559928760332425","2.05359169887441","72","c(""SHANK2"", ""SLC24A4"", ""ABCA4"", ""MYRIP"", ""RPGR"", ""BSG"", ""NPHP1"", ""DHRS3"", ""WHRN"", ""MAK"", ""USH2A"", ""PCDH15"", ""TTLL4"", ""EYS"", ""WDR19"", ""IFT80"", ""LCA5"", ""C4orf47"", ""SMO"", ""MYO7A"", ""SPATA7"", ""FAM161A"", ""KIAA1549"", ""IFT57"", ""BBS4"", ""CERKL"", ""TTC8"", ""RPGRIP1L"", ""CRB1"", ""NXNL1"", ""SDCCAG8"", ""RP1"", ""KIF17"", ""CDHR1"", ""CNGB3"", ""SEPTIN2"", ""GRK4"", ""IFT122"")"
"28","7799","7799","7799",NA,NA,"GOCC_APICAL_PART_OF_CELL","GO:0045177","The region of a polarized cell that forms a tip or is distal to a base. For example, in a polarized epithelial cell, the apical region has an exposed surface and lies opposite to the basal lamina that separates the epithelium from other tissue. [GOC:mah, ISBN:0815316194]","GO:0045177","The region of a polarized cell that forms a tip or is distal to a base. For example, in a polarized epithelial cell, the apical region has an exposed surface and lies opposite to the basal lamina that separates the epithelium from other tissue. [GOC:mah, ISBN:0815316194]","GO:0045177","The region of a polarized cell that forms a tip or is distal to a base. For example, in a polarized epithelial cell, the apical region has an exposed surface and lies opposite to the basal lamina that separates the epithelium from other tissue. [GOC:mah, ISBN:0815316194]","GO:0045177","The region of a polarized cell that forms a tip or is distal to a base. For example, in a polarized epithelial cell, the apical region has an exposed surface and lies opposite to the basal lamina that separates the epithelium from other tissue. [GOC:mah, ISBN:0815316194]","2.41552115631034e-05","0.00387112766978423","0.575610261071129","0.440302408059486","1.71403099077387","240","c(""SHANK2"", ""SLC24A4"", ""ATP2B2"", ""STK39"", ""SLC4A10"", ""TRPV4"", ""SLC23A2"", ""EZR"", ""SLC4A5"", ""PTH1R"", ""HOMER2"", ""ABCC5"", ""HVCN1"", ""PATJ"", ""ABCC4"", ""DYNC2H1"", ""EPB41L4B"", ""CA2"", ""SLC12A2"", ""SLC6A20"", ""SCNN1A"", ""CNKSR3"", ""SLC1A1"", ""AQP1"", ""ABCC1"", ""MFRP"", ""SLC26A3"", ""DDR2"", ""ECRG4"", ""SIPA1L3"", ""KCNK1"", ""SLC7A8"", ""OCLN"", ""MFSD4B"", ""USH2A"", ""SLC22A8"", ""ADGRF5"", ""RDX"", ""SLC7A11"", ""MYO5B"", ""FOLR1"", ""SHROOM2"", ""GJA1"", ""WDPCP"", ""KCNE1"", ""SLC19A1"", ""SLC4A2"", ""PSEN1"", ""KCNQ1"", ""C5AR1"", ""ATP1B1"", ""SLC7A1"", ""SLC39A14"", 
""FLOT2"", ""MYO7A"", ""FXYD1"", ""CDH2"", ""RAB17"", ""DLL1"", ""ABCB1"", ""RIPOR2"", ""ZMYND10"", ""KL"", ""SLC29A4"", ""SLC16A1"", ""STC1"", ""ENPEP"", ""PCM1"", ""ATP6V1A"", ""SPTBN2"", ""PTPRO"", ""PRKCZ"", ""MARVELD2"", ""CIB1"", ""SHROOM3"", ""SLC26A2"", ""PRKCI"", ""GNAS"", ""PDPN"", ""SLC9A3R1"", ""SLC2A1"", ""DYNC2LI1"", ""AJAP1"", ""KCNK2"", ""ANK2"", ""APP"", ""ABCG2"", ""FAT1"", ""NF2"", ""VCAM1"", ""ATP6AP2"", ""SLC38A1"", ""MREG"", ""PODXL"", ""LMO7"")"
"29","7800","7800","7800",NA,NA,"GOCC_APICAL_PLASMA_MEMBRANE","GO:0016324","The region of the plasma membrane located at the apical end of the cell. [GOC:curators]","GO:0016324","The region of the plasma membrane located at the apical end of the cell. [GOC:curators]","GO:0016324","The region of the plasma membrane located at the apical end of the cell. [GOC:curators]","GO:0016324","The region of the plasma membrane located at the apical end of the cell. [GOC:curators]","1.29908232832224e-05","0.00236307266109972","0.593325476396405","0.45927500111732","1.77269044290525","200","c(""SHANK2"", ""SLC24A4"", ""ATP2B2"", ""STK39"", ""SLC4A10"", ""TRPV4"", ""SLC23A2"", ""EZR"", ""SLC4A5"", ""PTH1R"", ""ABCC5"", ""HVCN1"", ""PATJ"", ""ABCC4"", ""SLC12A2"", ""SLC6A20"", ""SCNN1A"", ""CNKSR3"", ""SLC1A1"", ""AQP1"", ""ABCC1"", ""MFRP"", ""SLC26A3"", ""DDR2"", ""ECRG4"", ""SIPA1L3"", ""KCNK1"", ""SLC7A8"", ""OCLN"", ""MFSD4B"", ""USH2A"", ""SLC22A8"", ""RDX"", ""FOLR1"", ""SHROOM2"", ""GJA1"", ""WDPCP"", ""KCNE1"", ""SLC19A1"", ""SLC4A2"", ""PSEN1"", ""KCNQ1"", ""ATP1B1"", ""SLC7A1"", ""SLC39A14"", ""FLOT2"", ""MYO7A"", ""FXYD1"", ""CDH2"", ""RAB17"", ""DLL1"", ""ABCB1"", ""RIPOR2"", 
""ZMYND10"", ""KL"", ""SLC29A4"", ""SLC16A1"", ""STC1"", ""ENPEP"", ""ATP6V1A"", ""SPTBN2"", ""PTPRO"", ""PRKCZ"", ""MARVELD2"", ""CIB1"", ""SHROOM3"", ""SLC26A2"", ""PRKCI"", ""GNAS"", ""PDPN"", ""SLC9A3R1"", ""SLC2A1"", ""AJAP1"", ""KCNK2"", ""ANK2"", ""ABCG2"", ""FAT1"", ""ATP6AP2"", ""SLC38A1"", ""MREG"", ""PODXL"", ""LMO7"")"
"30","7831","7831","7831",NA,NA,"GOCC_BASAL_PART_OF_CELL","GO:0045178","The region of a cell situated near the base. For example, in a polarized epithelial cell, the basal surface rests on the basal lamina that separates the epithelium from other tissue. [GOC:mah, ISBN:0815316194]","GO:0045178","The region of a cell situated near the base. For example, in a polarized epithelial cell, the basal surface rests on the basal lamina that separates the epithelium from other tissue. [GOC:mah, ISBN:0815316194]","GO:0045178","The region of a cell situated near the base. For example, in a polarized epithelial cell, the basal surface rests on the basal lamina that separates the epithelium from other tissue. [GOC:mah, ISBN:0815316194]","GO:0045178","The region of a cell situated near the base. For example, in a polarized epithelial cell, the basal surface rests on the basal lamina that separates the epithelium from other tissue. [GOC:mah, ISBN:0815316194]","2.44344594715987e-05","0.00387112766978423","0.575610261071129","0.471483379630527","1.8067172707427","169","c(""ATP2B2"", ""STK39"", ""SLC4A10"", ""SLC16A10"", ""SLC16A12"", ""SLC23A2"", ""ABCA8"", ""EZR"", ""PTH1R"", ""ABCC5"", ""ABCC4"", ""LEPR"", ""SLC1A3"", ""SLC12A2"", ""MAP7"", ""SLC4A4"", ""FRMPD2"", ""AQP1"", ""ABCC1"", ""BSG"", ""SLC7A6"", ""B4GALT1"", ""ITGA9"", ""STX2"", ""CLDN11"", ""SLC7A8"", ""SLC22A8"", ""MET"", ""SLCO1C1"", ""FOLR1"", ""SLC27A1"", ""ANK3"", ""SLC19A1"", ""SLCO1B3"", ""SLC4A2"", ""TFRC"", ""KCNQ1"", ""C5AR1"", ""ATP1B1"", ""SLC7A1"", ""SLC39A14"", ""FLOT2"", ""CDH2"", ""SLC13A3"", ""RAB17"", ""DSP"", ""SLC41A1"", ""SLC29A4"", ""SLC16A1"", ""ITGB4"", ""LDLRAP1"", ""TGFA"", 
""MARVELD2"", ""DOCK7"", ""PDPN"", ""SLC2A1"", ""AJAP1"", ""ANK2"", ""CXADR"", ""PRCP"", ""EPB41"", ""DISP1"", ""SLC38A1"", ""LRRC7"")"
"31","7834","7834","7834",NA,NA,"GOCC_BASOLATERAL_PLASMA_MEMBRANE","GO:0016323","The region of the plasma membrane that includes the basal end and sides of the cell. Often used in reference to animal polarized epithelial membranes, where the basal membrane is the part attached to the extracellular matrix, or in plant cells, where the basal membrane is defined with respect to the zygotic axis. [GOC:go_curators]","GO:0016323","The region of the plasma membrane that includes the basal end and sides of the cell. Often used in reference to animal polarized epithelial membranes, where the basal membrane is the part attached to the extracellular matrix, or in plant cells, where the basal membrane is defined with respect to the zygotic axis. [GOC:go_curators]","GO:0016323","The region of the plasma membrane that includes the basal end and sides of the cell. Often used in reference to animal polarized epithelial membranes, where the basal membrane is the part attached to the extracellular matrix, or in plant cells, where the basal membrane is defined with respect to the zygotic axis. [GOC:go_curators]","GO:0016323","The region of the plasma membrane that includes the basal end and sides of the cell. Often used in reference to animal polarized epithelial membranes, where the basal membrane is the part attached to the extracellular matrix, or in plant cells, where the basal membrane is defined with respect to the zygotic axis. [GOC:go_curators]","2.44344594715987e-05","0.00387112766978423","0.575610261071129","0.49394447636103","1.8750712992084","143","c(""ATP2B2"", ""STK39"", ""SLC4A10"", ""SLC16A10"", ""SLC16A12"", ""SLC23A2"", ""ABCA8"", ""EZR"", ""PTH1R"", ""ABCC5"", ""ABCC4"", ""LEPR"", ""SLC12A2"", ""MAP7"", ""SLC4A4"", ""FRMPD2"", ""AQP1"", ""ABCC1"", ""BSG"", ""SLC7A6"", ""B4GALT1"", ""STX2"", ""SLC7A8"", ""SLC22A8"", ""SLCO1C1"", ""FOLR1"", ""ANK3"", ""SLC19A1"", ""SLCO1B3"", ""SLC4A2"", ""TFRC"", ""KCNQ1"", ""C5AR1"", ""ATP1B1"", ""SLC7A1"", ""SLC39A14"", ""FLOT2"", ""CDH2"", ""SLC13A3"", ""RAB17"", ""DSP"", ""SLC41A1"", ""SLC29A4"", ""SLC16A1"", ""TGFA"", ""MARVELD2"", ""PDPN"", ""SLC2A1"", ""AJAP1"", ""ANK2"", ""CXADR"", ""EPB41"", ""DISP1"", 
""SLC38A1"", ""LRRC7"")"
"32","8775","8775","8775",NA,NA,"GOMF_ACTIVE_ION_TRANSMEMBRANE_TRANSPORTER_ACTIVITY","GO:0022853","Enables the transfer of an ion from one side of a membrane to the other up the solute's concentration gradient. This is carried out by binding the solute and undergoing a series of conformational changes. Transport works equally well in either direction. [GOC:mtg_transport, ISBN:0815340729]","GO:0022853","Enables the transfer of an ion from one side of a membrane to the other up the solute's concentration gradient. This is carried out by binding the solute and undergoing a series of conformational changes. Transport works equally well in either direction. [GOC:mtg_transport, ISBN:0815340729]","GO:0022853","Enables the transfer of an ion from one side of a membrane to the other up the solute's concentration gradient. This is carried out by binding the solute and undergoing a series of conformational changes. Transport works equally well in either direction. [GOC:mtg_transport, ISBN:0815340729]","GO:0022853","Enables the transfer of an ion from one side of a membrane to the other up the solute's concentration gradient. This is carried out by binding the solute and undergoing a series of conformational changes. Transport works equally well in either direction. [GOC:mtg_transport, ISBN:0815340729]","3.76752604291461e-06","0.00106225396779977","0.627256739718528","0.497281803435622","1.90214071139853","156","c(""SLC24A4"", ""ATP2B2"", ""SLC4A10"", ""SLC23A2"", ""SLC13A4"", ""SLC4A5"", ""ATP13A5"", ""SLC20A2"", ""ABCC5"", ""SLC2A13"", ""ABCC4"", ""ATP2B3"", ""SLC15A4"", ""ABCC9"", ""SLC1A3"", ""SLC12A2"", ""SLC6A20"", ""ATP13A4"", ""SLC4A4"", ""SLC1A1"", ""ABCC1"", ""SLC28A3"", ""SLC26A3"", ""SLC5A5"", ""SLC9C2"", ""SLC47A2"", ""SLC22A8"", ""SLC25A18"", ""SLC7A11"", ""SLC25A6"", ""SLCO1C1"", ""SLC9A9"", ""CLCN7"", ""SLC19A1"", ""SLCO1B3"", ""SLC4A2"", ""SLC5A3"", ""ATP1B1"", ""SLC39A14"", ""SLC1A2"", ""SLC13A3"", ""MT-CO3"", ""SLC24A3"", ""SLC41A1"", ""COX8A"")"
"33","8776","8776","8776",NA,NA,"GOMF_ACTIVE_TRANSMEMBRANE_TRANSPORTER_ACTIVITY","GO:0022804","Enables the transfer of a specific substance or related group of substances from one side of a membrane to the other, up the solute's concentration gradient. The transporter binds the solute and undergoes a series of conformational changes. Transport works equally well in either direction. [GOC:mtg_transport, ISBN:0815340729]","GO:0022804","Enables the transfer of a specific substance or related group of substances from one side of a membrane to the other, up the solute's concentration gradient. The transporter binds the solute and undergoes a series of conformational changes. Transport works equally well in either direction. [GOC:mtg_transport, ISBN:0815340729]","GO:0022804","Enables the transfer of a specific substance or related group of substances from one side of a membrane to the other, up the solute's concentration gradient. The transporter binds the solute and undergoes a series of conformational changes. Transport works equally well in either direction. [GOC:mtg_transport, ISBN:0815340729]","GO:0022804","Enables the transfer of a specific substance or related group of substances from one side of a membrane to the other, up the solute's concentration gradient. The transporter binds the solute and undergoes a series of conformational changes. Transport works equally well in either direction. [GOC:mtg_transport, ISBN:0815340729]","2.77473737954121e-07","0.00014224312802939","0.674962860011025","0.463780321511529","1.81406357797434","259","c(""SLC24A4"", ""ATP2B2"", ""SLC4A10"", ""ABCA4"", ""SLC16A10"", ""SLC16A12"", ""SLC23A2"", ""SLC13A4"", ""ABCA8"", ""ABCA9"", ""SLC4A5"", ""ATP13A5"", ""SLC20A2"", ""ABCC5"", ""SLC2A13"", ""ABCC4"", ""ATP2B3"", ""SLC15A4"", ""ABCA6"", ""ABCC9"", ""SLC1A3"", ""ABCG1"", ""SLC16A6"", ""SLC12A2"", ""SLC6A20"", ""ABCA10"", ""ATP13A4"", ""SLC4A4"", ""SLC1A1"", ""ABCC1"", ""SLC28A3"", ""SLC26A3"", ""SLC5A5"", ""SLC7A6"", ""SLC9C2"", ""SLC47A2"", ""SLC7A8"", ""MFSD4B"", ""SLC22A8"", ""SLC25A18"", ""ABCB8"", ""SLC7A11"", ""SLC25A6"", ""SLCO1C1"", ""ANKH"", ""SLC9A9"", ""CLCN7"", ""SLC19A1"", ""SLCO1B3"", 
""SLC4A2"", ""SLC5A3"", ""ATP1B1"", ""SLC39A14"", ""SLC1A2"", ""NDUFS3"", ""SLC13A3"", ""MT-CO3"", ""SLC16A9"", ""SLC24A3"", ""ABCB1"", ""SLC41A1"", ""COX8A"", ""SLC29A4"", ""SLC16A1"", ""NDUFA5"", ""ATP8A1"", ""MT-CO2"", ""ABCA7"")"
"34","8848","8848","8848",NA,NA,"GOMF_ANION_TRANSMEMBRANE_TRANSPORTER_ACTIVITY","GO:0008509","Enables the transfer of a negatively charged ion from one side of a membrane to the other. [GOC:dgf, GOC:mtg_transport, ISBN:0815340729]","GO:0008509","Enables the transfer of a negatively charged ion from one side of a membrane to the other. [GOC:dgf, GOC:mtg_transport, ISBN:0815340729]","GO:0008509","Enables the transfer of a negatively charged ion from one side of a membrane to the other. [GOC:dgf, GOC:mtg_transport, ISBN:0815340729]","GO:0008509","Enables the transfer of a negatively charged ion from one side of a membrane to the other. [GOC:dgf, GOC:mtg_transport, ISBN:0815340729]","9.79525512310821e-06","0.00202865645253982","0.593325476396405","0.474536585705351","1.82244033536485","179","c(""CLIC6"", ""SLC24A4"", ""SLC4A10"", ""SLC16A12"", ""SLC23A2"", ""SLC13A4"", ""SLC4A5"", ""ABCC5"", ""ABCC4"", ""OCA2"", ""SLC15A4"", ""ABCC9"", ""SLC1A3"", ""SLC12A2"", ""SLC6A20"", ""SLC4A4"", ""SLC1A1"", ""SERINC5"", ""ABCC1"", ""SLC26A3"", ""SLC5A5"", ""SLC9C2"", ""SLC7A8"", ""SLC22A8"", ""SLC25A18"", ""SLC7A11"", ""SLC25A6"", ""SLCO1C1"", ""ANKH"", ""SLC27A1"", ""ANO5"", ""GJA1"", ""SLC9A9"", ""ANO3"", ""CLCN7"", ""GABRA3"", ""SLC19A1"", ""SLCO1B3"", ""SLC4A2"", ""SLC7A1"", ""SLC39A14"", ""SLC1A2"", ""FXYD1"", ""SLC13A3"", ""SLC24A3"", ""SFXN5"", ""ANO4"", ""GABRB3"", ""SLC27A6"", ""SLC16A1"", 
""LRRC8C"", ""ANO2"", ""SLC26A2"", ""PDPN"", ""SLC9A3R1"", ""SLC2A1"", ""ABCG2"", ""SLC25A29"", ""MPC1"", ""GABRB2"", ""SLC38A1"", ""SLC19A2"")"
"35","9601","9601","9601",NA,NA,"GOMF_MINUS_END_DIRECTED_MICROTUBULE_MOTOR_ACTIVITY","GO:0008569","A motor activity that generates movement along a microtubule toward the minus end, driven by ATP hydrolysis. [GOC:mah, GOC:vw, PMID:15659646, PMID:32842864]","GO:0008569","A motor activity that generates movement along a microtubule toward the minus end, driven by ATP hydrolysis. [GOC:mah, GOC:vw, PMID:15659646, PMID:32842864]","GO:0008569","A motor activity that generates movement along a microtubule toward the minus end, driven by ATP hydrolysis. [GOC:mah, GOC:vw, PMID:15659646, PMID:32842864]","GO:0008569","A motor activity that generates movement along a microtubule toward the minus end, driven by ATP hydrolysis. [GOC:mah, GOC:vw, PMID:15659646, PMID:32842864]","7.43332459996087e-06","0.00167666069676717","0.610526878385931","0.821560556482559","2.56638278208746","17","c(""DNAH11"", ""DNAH6"", ""DNAH7"", ""DNAH14"", ""DNAH9"", ""DNAH5"", ""DNAH12"", ""DYNC2H1"", ""DNAH3"", ""DNAH2"", ""KIFC3"")"
"36","9749","9749","9749",NA,NA,"GOMF_ORGANIC_ACID_TRANSMEMBRANE_TRANSPORTER_ACTIVITY","GO:0005342","Enables the transfer of organic acids from one side of a membrane to the other. Organic acids are acidic compound containing carbon in covalent linkage. [ISBN:0198506732]","GO:0005342","Enables the transfer of organic acids from one side of a membrane to the other. Organic acids are acidic compound containing carbon in covalent linkage. [ISBN:0198506732]","GO:0005342","Enables the transfer of organic acids from one side of a membrane to the other. Organic acids are acidic compound containing carbon in covalent linkage. [ISBN:0198506732]","GO:0005342","Enables the transfer of organic acids from one side of a membrane to the other. Organic acids are acidic compound containing carbon in covalent linkage. [ISBN:0198506732]","4.66617919672025e-06","0.00119602656774116","0.610526878385931","0.553514305815166","2.06084023116632","94","c(""SLC16A10"", ""SLC16A12"", ""SLC23A2"", ""ABCC4"", ""OCA2"", ""SLC15A4"", ""SLC1A3"", ""SLC16A6"", ""SLC6A20"", ""SLC1A1"", ""SERINC5"", ""ABCC1"", ""SLC26A3"", ""SLC7A6"", ""SLC7A8"", ""SLC25A18"", ""SLC7A11"", ""SLCO1C1"", ""SLC27A1"", ""SLC19A1"", ""SLCO1B3"", ""SLC7A1"", ""SLC1A2"", ""SLC13A3"", ""SLC16A9"", ""ABCB1"", ""SFXN5"", ""SLC27A6"", ""SLC29A4"", ""SLC16A1"", ""SLC26A2"", ""PDPN"", ""SLC9A3R1"", ""ABCG2"", ""SLC25A29"", ""MPC1"", ""SLC38A1"", ""SLC19A2"", ""SLC27A2"")"
"37","10110","10110","10110",NA,NA,"GOMF_SECONDARY_ACTIVE_TRANSMEMBRANE_TRANSPORTER_ACTIVITY","GO:0015291","Enables the transfer of a solute from one side of a membrane to the other, up its concentration gradient. The transporter binds the solute and undergoes a series of conformational changes. Transport works equally well in either direction and is driven by a chemiosmotic source of energy, not direct ATP coupling. Secondary active transporters include symporters and antiporters. [GOC:mtg_transport, ISBN:0198506732, ISBN:0815340729, PMID:10839820]","GO:0015291","Enables the transfer of a solute from one side of a membrane to the other, up its concentration gradient. The transporter binds the solute and undergoes a series of conformational changes. Transport works equally well in either direction and is driven by a chemiosmotic source of energy, not direct ATP coupling. Secondary active transporters include symporters and antiporters. [GOC:mtg_transport, ISBN:0198506732, ISBN:0815340729, PMID:10839820]","GO:0015291","Enables the transfer of a solute from one side of a membrane to the other, up its concentration gradient. The transporter binds the solute and undergoes a series of conformational changes. Transport works equally well in either direction and is driven by a chemiosmotic source of energy, not direct ATP coupling. Secondary active transporters include symporters and antiporters. [GOC:mtg_transport, ISBN:0198506732, ISBN:0815340729, PMID:10839820]","GO:0015291","Enables the transfer of a solute from one side of a membrane to the other, up its concentration gradient. The transporter binds the solute and undergoes a series of conformational changes. Transport works equally well in either direction and is driven by a chemiosmotic source of energy, not direct ATP coupling. Secondary active transporters include symporters and antiporters. [GOC:mtg_transport, ISBN:0198506732, ISBN:0815340729, PMID:10839820]","4.470041558264e-07","0.000180046888193219","0.674962860011025","0.537341010114409","2.03206373773645","133","c(""SLC24A4"", ""SLC4A10"", ""SLC16A10"", ""SLC16A12"", ""SLC23A2"", ""SLC13A4"", ""SLC4A5"", ""SLC20A2"", ""SLC2A13"", ""SLC15A4"", ""SLC1A3"", ""SLC16A6"", ""SLC12A2"", ""SLC6A20"", ""SLC4A4"", ""SLC1A1"", ""SLC28A3"", ""SLC26A3"", ""SLC5A5"", ""SLC7A6"", ""SLC9C2"", ""SLC47A2"", ""SLC7A8"", ""MFSD4B"", ""SLC22A8"", ""SLC25A18"", ""SLC7A11"", ""SLC25A6"", ""SLCO1C1"", ""ANKH"", ""SLC9A9"", ""CLCN7"", ""SLC19A1"", ""SLCO1B3"", ""SLC4A2"", ""SLC5A3"", ""SLC39A14"", ""SLC1A2"", ""SLC13A3"", ""SLC16A9"", ""SLC24A3"", ""SLC41A1"")"
"38","10160","10160","10160",NA,NA,"GOMF_SODIUM_ION_TRANSMEMBRANE_TRANSPORTER_ACTIVITY","GO:0015081","Enables the transfer of sodium ions (Na+) from one side of a membrane to the other. [GOC:ai, GOC:BHF]","GO:0015081","Enables the transfer of sodium ions (Na+) from one side of a membrane to the other. [GOC:ai, GOC:BHF]","GO:0015081","Enables the transfer of sodium ions (Na+) from one side of a membrane to the other. [GOC:ai, GOC:BHF]","GO:0015081","Enables the transfer of sodium ions (Na+) from one side of a membrane to the other. [GOC:ai, GOC:BHF]","4.23752009998995e-05","0.00582814044971788","0.557332238758646","0.567657241826878","2.08259267033455","70","c(""SLC24A4"", ""SLC4A10"", ""SLC23A2"", ""SLC13A4"", ""SLC4A5"", ""SLC20A2"", ""SLC1A3"", ""SLC12A2"", ""SLC6A20"", ""SCNN1A"", ""SLC4A4"", ""SLC1A1"", ""SLC28A3"", ""SLC5A5"", ""SLC9C2"", ""KCNK1"", ""GRIK4"", ""SHROOM2"", ""SLC9A9"", ""SLC5A3"", ""ATP1B1"", ""SLC1A2"", ""SLC13A3"", ""SLC24A3"", ""NALCN"", ""SLC41A1"")"
"39","10165","10165","10165",NA,NA,"GOMF_SOLUTE_CATION_SYMPORTER_ACTIVITY","GO:0015294","Enables the transfer of a solute or solutes from one side of a membrane to the other according to the reaction: solute(out) + cation(out) = solute(in) + cation(in). [GOC:ai]","GO:0015294","Enables the transfer of a solute or solutes from one side of a membrane to the other according to the reaction: solute(out) + cation(out) = solute(in) + cation(in). [GOC:ai]","GO:0015294","Enables the transfer of a solute or solutes from one side of a membrane to the other according to the reaction: solute(out) + cation(out) = solute(in) + cation(in). [GOC:ai]","GO:0015294","Enables the transfer of a solute or solutes from one side of a membrane to the other according to the reaction: solute(out) + cation(out) = solute(in) + cation(in). [GOC:ai]","6.32523877005058e-06","0.00155078354018762","0.610526878385931","0.659307978687388","2.35602400395999","47","c(""SLC4A10"", ""SLC23A2"", ""SLC13A4"", ""SLC4A5"", ""SLC20A2"", ""SLC2A13"", ""SLC15A4"", ""SLC1A3"", ""SLC12A2"", ""SLC6A20"", ""SLC4A4"", ""SLC1A1"", ""SLC28A3"", ""SLC5A5"", ""SLC25A18"", ""SLC5A3"", ""SLC39A14"", ""SLC1A2"", ""SLC13A3"")"
"40","10168","10168","10168",NA,NA,"GOMF_SOLUTE_SODIUM_SYMPORTER_ACTIVITY","GO:0015370","Enables the transfer of a solute or solutes from one side of a membrane to the other according to the reaction: solute(out) + Na+(out) = solute(in) + Na+(in). [GOC:ai]","GO:0015370","Enables the transfer of a solute or solutes from one side of a membrane to the other according to the reaction: solute(out) + Na+(out) = solute(in) + Na+(in). [GOC:ai]","GO:0015370","Enables the transfer of a solute or solutes from one side of a membrane to the other according to the reaction: solute(out) + Na+(out) = solute(in) + Na+(in). [GOC:ai]","GO:0015370","Enables the transfer of a solute or solutes from one side of a membrane to the other according to the reaction: solute(out) + Na+(out) = solute(in) + Na+(in). [GOC:ai]","1.21571957830383e-05","0.00228514756735177","0.593325476396405","0.740559559736614","2.46720252442161","27","c(""SLC4A10"", ""SLC23A2"", ""SLC13A4"", ""SLC4A5"", ""SLC20A2"", ""SLC1A3"", ""SLC12A2"", ""SLC6A20"", ""SLC4A4"", ""SLC1A1"", ""SLC28A3"", ""SLC5A5"", ""SLC5A3"", ""SLC1A2"", ""SLC13A3"")"
"41","10223","10223","10223",NA,NA,"GOMF_SYMPORTER_ACTIVITY","GO:0015293","Enables the active transport of a solute across a membrane by a mechanism whereby two or more species are transported together in the same direction in a tightly coupled process not directly linked to a form of energy other than chemiosmotic energy. [GOC:mtg_transport, ISBN:0815340729, PMID:10839820]","GO:0015293","Enables the active transport of a solute across a membrane by a mechanism whereby two or more species are transported together in the same direction in a tightly coupled process not directly linked to a form of energy other than chemiosmotic energy. [GOC:mtg_transport, ISBN:0815340729, PMID:10839820]","GO:0015293","Enables the active transport of a solute across a membrane by a mechanism whereby two or more species are transported together in the same direction in a tightly coupled process not directly linked to a form of energy other than chemiosmotic energy. [GOC:mtg_transport, ISBN:0815340729, PMID:10839820]","GO:0015293","Enables the active transport of a solute across a membrane by a mechanism whereby two or more species are transported together in the same direction in a tightly coupled process not directly linked to a form of energy other than chemiosmotic energy. [GOC:mtg_transport, ISBN:0815340729, PMID:10839820]","1.46313233415922e-06","0.000515662702020241","0.643551836150722","0.606048945080146","2.22344224276244","70","c(""SLC24A4"", ""SLC4A10"", ""SLC16A12"", ""SLC23A2"", ""SLC13A4"", ""SLC4A5"", ""SLC20A2"", ""SLC2A13"", ""SLC15A4"", ""SLC1A3"", ""SLC16A6"", ""SLC12A2"", ""SLC6A20"", ""SLC4A4"", ""SLC1A1"", ""SLC28A3"", ""SLC5A5"", ""MFSD4B"", ""SLC25A18"", ""SLC5A3"", ""SLC39A14"", ""SLC1A2"", ""SLC13A3"", ""SLC16A9"", ""SLC24A3"", ""SLC16A1"")"
